CustomerID,PersonID,StoreID,TerritoryID,AccountNumber,rowguid,ModifiedDate
1,NULL,934,1,AW00000001,3F5AE95E-B87D-4AED-95B4-C3797AFCB74F,2014-09-12 11:15:07.263
2,NULL,1028,1,AW00000002,E552F657-A9AF-4A7D-A645-C429D6E02491,2014-09-12 11:15:07.263
3,NULL,642,4,AW00000003,130774B1-DB21-4EF3-98C8-C104BCD6ED6D,2014-09-12 11:15:07.263
4,NULL,932,4,AW00000004,FF862851-1DAA-4044-BE7C-3E85583C054D,2014-09-12 11:15:07.263
5,NULL,1026,4,AW00000005,83905BDC-6F5E-4F71-B162-C98DA069F38A,2014-09-12 11:15:07.263
6,NULL,644,4,AW00000006,1A92DF88-BFA2-467D-BD54-FCB9E647FDD7,2014-09-12 11:15:07.263
7,NULL,930,1,AW00000007,03E9273E-B193-448E-9823-FE0C44AEED78,2014-09-12 11:15:07.263
8,NULL,1024,5,AW00000008,801368B1-4323-4BFA-8BEA-5B5B1E4BD4A0,2014-09-12 11:15:07.263
9,NULL,620,5,AW00000009,B900BB7F-23C3-481D-80DA-C49A5BD6F772,2014-09-12 11:15:07.263
10,NULL,928,6,AW00000010,CDB6698D-2FF1-4FBA-8F22-60AD1D11DABD,2014-09-12 11:15:07.263
11,NULL,1022,6,AW00000011,750F3495-59C4-48A0-80E1-E37EC60E77D9,2014-09-12 11:15:07.263
12,NULL,622,6,AW00000012,947BCAF1-1F32-44F3-B9C3-0011F95FBE54,2014-09-12 11:15:07.263
13,NULL,434,7,AW00000013,B0FA5854-2511-439B-A7AC-50C9C460B175,2014-09-12 11:15:07.263
14,NULL,1020,8,AW00000014,2F96BEDC-723D-468F-834B-B2B8AE79C849,2014-09-12 11:15:07.263
15,NULL,624,9,AW00000015,0340737B-D4FA-4795-93AA-CAEB8371BCF9,2014-09-12 11:15:07.263
16,NULL,432,10,AW00000016,C9381589-D31C-4EFE-8978-8D3449EB1F0F,2014-09-12 11:15:07.263
17,NULL,1018,5,AW00000017,34DB417F-1E0B-4408-9FF6-987E59D0D73C,2014-09-12 11:15:07.263
18,NULL,1332,3,AW00000018,C04D6B4D-94C6-4C5C-A44C-B449C0AC1B45,2014-09-12 11:15:07.263
19,NULL,430,1,AW00000019,69AE5D43-31BE-4B76-BFBB-5A23C4788BBC,2014-09-12 11:15:07.263
20,NULL,1016,1,AW00000020,E010C10A-F1C3-4BBA-81CA-A7E083350400,2014-09-12 11:15:07.263
21,NULL,1334,4,AW00000021,564E0B42-4609-43DE-9881-914DA433D82D,2014-09-12 11:15:07.263
22,NULL,494,3,AW00000022,9774AED6-D673-412D-B481-2573E470B478,2014-09-12 11:15:07.263
23,NULL,1014,4,AW00000023,733F8250-3251-4C2A-8C85-C285BB76B7B4,2014-09-12 11:15:07.263
24,NULL,1336,4,AW00000024,C111E51D-178D-4DBD-A6FF-F1CCBF4B1AAD,2014-09-12 11:15:07.263
25,NULL,492,4,AW00000025,31D03546-FB2A-4488-890E-4709A659E3F0,2014-09-12 11:15:07.263
26,NULL,1012,5,AW00000026,FD4898DE-D128-4719-8C74-9F77605AAC4A,2014-09-12 11:15:07.263
27,NULL,1338,5,AW00000027,CACA5149-D799-473B-847F-83F3613D3D1F,2014-09-12 11:15:07.263
28,NULL,490,6,AW00000028,9B8A04A4-D909-4F49-B1C5-3DE317D69B2A,2014-09-12 11:15:07.263
29,NULL,1010,6,AW00000029,ECA7C8FA-490B-4B97-9C32-043C90F789E8,2014-09-12 11:15:07.263
30,NULL,1340,6,AW00000030,2B15DFB1-831E-49E7-B337-395798B129E7,2014-09-12 11:15:07.263
31,NULL,942,7,AW00000031,EFFA209A-A110-4F94-887D-E50E44FB06EA,2014-09-12 11:15:07.263
32,NULL,1008,8,AW00000032,B9A28813-542A-4FBF-AE79-BAD64A5E133B,2014-09-12 11:15:07.263
33,NULL,1342,9,AW00000033,E6D92B96-FA82-41C0-8945-66A8A5EC017B,2014-09-12 11:15:07.263
34,NULL,940,10,AW00000034,9EDDA794-7862-4FF4-B8E2-528847CAB2BD,2014-09-12 11:15:07.263
35,NULL,1006,2,AW00000035,8D74B6B9-6C96-44A5-BEC4-0E9736D191BE,2014-09-12 11:15:07.263
36,NULL,1344,2,AW00000036,53C0491D-8AE8-4B16-A830-2078FDDF46AD,2014-09-12 11:15:07.263
37,NULL,938,1,AW00000037,C6EBB29A-CC67-459C-90E3-339E0F912906,2014-09-12 11:15:07.263
38,NULL,1004,1,AW00000038,E5EDA3F3-4EF1-4806-BD36-E61F3CB2E044,2014-09-12 11:15:07.263
39,NULL,1346,3,AW00000039,6808B1ED-3C9A-401D-B284-9AC31166D9EB,2014-09-12 11:15:07.263
40,NULL,936,4,AW00000040,AA5E28F6-16C8-4D80-894E-17531F2CF972,2014-09-12 11:15:07.263
41,NULL,1002,4,AW00000041,E1BA20ED-DA19-4392-A8A8-C2E670438FFB,2014-09-12 11:15:07.263
42,NULL,1348,4,AW00000042,64ACD300-337D-4D39-A2C4-FD5972611934,2014-09-12 11:15:07.263
43,NULL,1290,1,AW00000043,9E449D3E-5D79-4F65-A4F1-10DD3B0E0766,2014-09-12 11:15:07.263
44,NULL,1000,5,AW00000044,FB4B073C-6B38-4233-83FE-4236558F4754,2014-09-12 11:15:07.263
45,NULL,1350,5,AW00000045,B50043ED-C66B-4130-BEBC-07D413043991,2014-09-12 11:15:07.263
46,NULL,1288,6,AW00000046,21849ECF-88C2-4574-89D5-397B84DF1D0F,2014-09-12 11:15:07.263
47,NULL,998,6,AW00000047,0D9ABE85-D952-432D-831A-8BEB7F4E49D0,2014-09-12 11:15:07.263
48,NULL,1352,6,AW00000048,E656589A-198F-454F-B02F-9CE324457BDF,2014-09-12 11:15:07.263
49,NULL,1286,7,AW00000049,F3DFA401-85C6-4118-B5C5-6554310A1192,2014-09-12 11:15:07.263
50,NULL,996,8,AW00000050,0A3E846A-2DCC-4B6E-8AB3-968B5AB859F4,2014-09-12 11:15:07.263
51,NULL,1354,9,AW00000051,E4C69E3E-BE4B-4DCD-B2F0-1237B391BC44,2014-09-12 11:15:07.263
52,NULL,1284,10,AW00000052,8FB34B30-B19D-4AEC-B02E-F1BE942800E5,2014-09-12 11:15:07.263
53,NULL,994,2,AW00000053,81D3B740-DCF1-4F23-A5E3-D81353280016,2014-09-12 11:15:07.263
54,NULL,1356,2,AW00000054,123B3EBF-4EB0-442A-8482-A4E001CCCF89,2014-09-12 11:15:07.263
55,NULL,1282,1,AW00000055,F5D3997B-AD06-46A0-94AF-A4460F4BE471,2014-09-12 11:15:07.263
56,NULL,992,1,AW00000056,570B1682-9BB1-4359-984D-8F728E3D6973,2014-09-12 11:15:07.263
57,NULL,1358,3,AW00000057,7FF17923-E670-4F42-87A3-A6D1AF18EA05,2014-09-12 11:15:07.263
58,NULL,1280,3,AW00000058,E324FEE8-1EE7-4B96-854E-CFDA7B0CBBC8,2014-09-12 11:15:07.263
59,NULL,990,4,AW00000059,60708606-604C-44BE-90E1-3A0925B8060E,2014-09-12 11:15:07.263
60,NULL,1360,4,AW00000060,A029F31E-433B-4FA4-B442-B291D16A1B9F,2014-09-12 11:15:07.263
61,NULL,1278,4,AW00000061,CCC53B43-66A6-47F6-A38E-5DD7CFAFEAA6,2014-09-12 11:15:07.263
62,NULL,988,5,AW00000062,359BB644-407D-4C24-AB98-E637AEE7C81E,2014-09-12 11:15:07.263
63,NULL,1362,5,AW00000063,76E2E4C3-B1BA-4CB2-B410-A4D48BA886E5,2014-09-12 11:15:07.263
64,NULL,1276,6,AW00000064,E6B6F92D-4AC6-4BC7-BF6B-2F3C67498DE7,2014-09-12 11:15:07.263
65,NULL,986,6,AW00000065,7E082443-8AF6-4BB6-A0F5-1586271D1F2C,2014-09-12 11:15:07.263
66,NULL,782,6,AW00000066,E91E0048-9A25-489B-96C1-D726DA68FB7C,2014-09-12 11:15:07.263
67,NULL,1274,7,AW00000067,51CE3843-FC98-453E-8CF1-7EA145235D0F,2014-09-12 11:15:07.263
68,NULL,532,8,AW00000068,2138DEF5-80EB-4D95-B340-706BCD60ADDA,2014-09-12 11:15:07.263
69,NULL,784,9,AW00000069,64841B37-3A25-416A-A129-E9AAA2EFF4CD,2014-09-12 11:15:07.263
70,NULL,1272,10,AW00000070,89E10B04-064E-4313-8203-91FA98A01B11,2014-09-12 11:15:07.263
71,NULL,530,2,AW00000071,91CC8AC7-27E5-437C-B940-DB47692754D3,2014-09-12 11:15:07.263
72,NULL,786,2,AW00000072,0DA3081D-FDC7-4005-B77D-E5AFD8C15DE6,2014-09-12 11:15:07.263
73,NULL,1270,1,AW00000073,9D5C135E-BD60-46E0-B371-843391637827,2014-09-12 11:15:07.263
74,NULL,528,1,AW00000074,73485E57-076D-4B10-BB48-6043DD873582,2014-09-12 11:15:07.263
75,NULL,788,4,AW00000075,55CFED0E-1A7B-409C-9AFF-297065965870,2014-09-12 11:15:07.263
76,NULL,1268,3,AW00000076,5227D299-B05E-4D6C-A1C9-DA63154869BA,2014-09-12 11:15:07.263
77,NULL,556,4,AW00000077,B3F9113C-8FCE-47E1-9F04-38A0C68917C6,2014-09-12 11:15:07.263
78,NULL,790,4,AW00000078,8C8083AB-7943-44FA-B1AD-8E3ABD5D66EE,2014-09-12 11:15:07.263
79,NULL,1266,3,AW00000079,010D8AA6-CEBA-4097-9E67-3B2A9674FD5F,2014-09-12 11:15:07.263
80,NULL,554,5,AW00000080,98DCB8C4-E7C0-43E7-B429-2CB4D8A8D90D,2014-09-12 11:15:07.263
81,NULL,792,5,AW00000081,E25E3769-CADC-4DA6-9120-09C3B2205475,2014-09-12 11:15:07.263
82,NULL,1264,6,AW00000082,92618ECE-2254-4852-B3B3-46ED2E0E3E1A,2014-09-12 11:15:07.263
83,NULL,552,6,AW00000083,8E01F170-64D3-4B74-82E1-D1691AE9F37C,2014-09-12 11:15:07.263
84,NULL,794,6,AW00000084,45A614CE-3137-4A12-8296-24048C18F320,2014-09-12 11:15:07.263
85,NULL,1262,7,AW00000085,B44000F5-901B-4134-979D-F9A9BEA5A598,2014-09-12 11:15:07.263
86,NULL,636,8,AW00000086,2A8B2702-4644-4002-90E4-99A8ADBA5261,2014-09-12 11:15:07.263
87,NULL,796,9,AW00000087,07FB8B21-FB06-49F8-8CD5-9956273CD78A,2014-09-12 11:15:07.263
88,NULL,1260,10,AW00000088,11FEDA31-15B6-4F08-9357-355371D4D928,2014-09-12 11:15:07.263
89,NULL,634,2,AW00000089,A34FE994-1098-439F-A042-EE670BF2FA33,2014-09-12 11:15:07.263
90,NULL,798,5,AW00000090,6FC7D1F9-11E6-4574-90B3-7AA6FFC1EBD9,2014-09-12 11:15:07.263
91,NULL,1258,1,AW00000091,9F314FC3-9644-4412-A90A-5483F75F665B,2014-09-12 11:15:07.263
92,NULL,632,1,AW00000092,672412C3-5D5D-488B-B176-E3DAFAD05D70,2014-09-12 11:15:07.263
93,NULL,800,4,AW00000093,249B42C2-8EAE-49F1-A560-A90837748654,2014-09-12 11:15:07.263
94,NULL,1256,4,AW00000094,65BE08DA-DFB7-4BC8-AA5C-FAD98B82524E,2014-09-12 11:15:07.263
95,NULL,630,4,AW00000095,EA0BC621-9466-4F04-BBFF-3B361C6F9057,2014-09-12 11:15:07.263
96,NULL,1308,4,AW00000096,BAC5B4DA-00B0-4BF1-816A-1E39F676BF9B,2014-09-12 11:15:07.263
97,NULL,1254,4,AW00000097,355EB5D8-6B4C-4FFF-B12B-40F89CA4E31D,2014-09-12 11:15:07.263
98,NULL,734,5,AW00000098,7D37485D-A4CF-4C08-8D3C-364DEEC7C841,2014-09-12 11:15:07.263
99,NULL,1310,5,AW00000099,8583A63E-3459-44C7-8736-A92E0A7135F2,2014-09-12 11:15:07.263
100,NULL,1252,6,AW00000100,E789F6DD-3159-4DDC-81A8-8571C571656E,2014-09-12 11:15:07.263
101,NULL,732,6,AW00000101,67AD4F37-2467-4438-A749-D947BEEC3A92,2014-09-12 11:15:07.263
102,NULL,1312,6,AW00000102,959CF74B-1004-43F5-9AB7-4CDD482C847D,2014-09-12 11:15:07.263
103,NULL,1894,7,AW00000103,22390E6F-AC5F-4DED-8EE5-91C1302C7FA2,2014-09-12 11:15:07.263
104,NULL,730,8,AW00000104,FFBE0510-53BE-46D9-9406-63AFEE95DE3A,2014-09-12 11:15:07.263
105,NULL,1314,9,AW00000105,F9387EA3-EF35-49B2-B535-E02368D2C0FD,2014-09-12 11:15:07.263
106,NULL,1892,10,AW00000106,AAFBF7D5-8759-4962-9DEB-77C6E22875F4,2014-09-12 11:15:07.263
107,NULL,728,2,AW00000107,9522CA57-0246-496A-AE49-D9821CD67817,2014-09-12 11:15:07.263
108,NULL,1316,2,AW00000108,D1E756E0-A0D1-43D6-A7CB-AC5C5EF404E7,2014-09-12 11:15:07.263
109,NULL,1890,1,AW00000109,7585790B-6034-4520-A383-9FA1E8B3E76E,2014-09-12 11:15:07.263
110,NULL,1888,1,AW00000110,82C2F3F0-63B8-46CC-AEDC-3A856956EF04,2014-09-12 11:15:07.263
111,NULL,726,3,AW00000111,0122151A-9140-4663-A3EB-A442D88BC1BB,2014-09-12 11:15:07.263
112,NULL,1318,4,AW00000112,5035E4D6-3758-4FA6-A462-2E2ECF52E6F0,2014-09-12 11:15:07.263
113,NULL,1886,4,AW00000113,8A84966C-5D38-41CA-990F-AD107558A6B8,2014-09-12 11:15:07.263
114,NULL,724,4,AW00000114,BCC5AE61-8214-44A1-A43C-FBD65C3745AE,2014-09-12 11:15:07.263
115,NULL,1320,1,AW00000115,080F7047-8396-4CEC-AB43-56CF41DE4E00,2014-09-12 11:15:07.263
116,NULL,1884,5,AW00000116,061C4697-F808-4C31-823E-5E8E60EFE0AA,2014-09-12 11:15:07.263
117,NULL,722,5,AW00000117,18406109-F4AC-4F30-A96F-4E056996DE56,2014-09-12 11:15:07.263
118,NULL,1322,6,AW00000118,5FEAFBD2-4A43-4641-8E94-B3059B2A882E,2014-09-12 11:15:07.263
119,NULL,1882,6,AW00000119,D13245EF-8267-4CB4-87C9-C23155D33E93,2014-09-12 11:15:07.263
120,NULL,720,6,AW00000120,25863C18-4C9A-4BC9-BE0D-95F4CF67BF7D,2014-09-12 11:15:07.263
121,NULL,1324,7,AW00000121,7472FF87-0FBC-4D1F-B599-D47B51B41CF0,2014-09-12 11:15:07.263
122,NULL,1880,8,AW00000122,094EB96D-D265-474D-869E-D9BACE4745A7,2014-09-12 11:15:07.263
123,NULL,718,9,AW00000123,BC0A8115-7E8F-4FAA-947F-FD315C30250D,2014-09-12 11:15:07.263
124,NULL,1326,10,AW00000124,2F614C31-ABAE-42D0-820B-193F0DDC811E,2014-09-12 11:15:07.263
125,NULL,1878,2,AW00000125,69AF6E37-EAD1-4FBD-82F0-61CE3B35F943,2014-09-12 11:15:07.263
126,NULL,716,2,AW00000126,B03EFE01-3333-4805-9913-99323C143526,2014-09-12 11:15:07.263
127,NULL,1328,1,AW00000127,EF55103F-ACC7-4BFD-89B1-20A04845E706,2014-09-12 11:15:07.263
128,NULL,1876,1,AW00000128,03F73E74-8DE5-421E-B5AF-04B259268DD6,2014-09-12 11:15:07.263
129,NULL,714,3,AW00000129,E03DB34C-BF17-407D-9423-FA22DBFDD292,2014-09-12 11:15:07.263
130,NULL,1330,4,AW00000130,606ECDC2-6443-4E4B-897F-32D4C17AB894,2014-09-12 11:15:07.263
131,NULL,1874,4,AW00000131,ED0DF7CC-6234-4D60-8B81-315C019F5356,2014-09-12 11:15:07.263
132,NULL,712,3,AW00000132,7649E8AF-3DAB-43AA-B7DF-9776F84DFB71,2014-09-12 11:15:07.263
133,NULL,978,4,AW00000133,4F61574B-8353-42EC-825C-87896E6E16A4,2014-09-12 11:15:07.263
134,NULL,1872,5,AW00000134,FD0D8467-48D9-42B8-A4E6-DABC96F58925,2014-09-12 11:15:07.263
135,NULL,710,5,AW00000135,DFFD552F-30E0-488A-AC07-83C9A7B075C7,2014-09-12 11:15:07.263
136,NULL,980,6,AW00000136,84CD4767-F142-4D9D-9033-AD3ADE34BF74,2014-09-12 11:15:07.263
137,NULL,418,6,AW00000137,D6A1AEE7-25EF-4417-AB10-65BC21661864,2014-09-12 11:15:07.263
138,NULL,708,6,AW00000138,91B9EF4B-2FA8-4936-AC71-1FA1B3624D12,2014-09-12 11:15:07.263
139,NULL,982,7,AW00000139,23A1A3E2-16F0-40AA-87D4-F4AE97D12581,2014-09-12 11:15:07.263
140,NULL,416,8,AW00000140,01CD7E33-EDD0-46A9-8505-F3E85D9F21F4,2014-09-12 11:15:07.263
141,NULL,706,9,AW00000141,E0B29CC8-066D-4F7F-98C3-0F5136BB85D9,2014-09-12 11:15:07.263
142,NULL,984,10,AW00000142,B821D13F-E9DB-4A3B-87D0-7E867A161575,2014-09-12 11:15:07.263
143,NULL,520,2,AW00000143,95E93EFE-78E9-470C-B4A7-4DD6A5D0F14B,2014-09-12 11:15:07.263
144,NULL,704,2,AW00000144,53C1A4AC-2DE2-4AB5-808F-523BE758AD29,2014-09-12 11:15:07.263
145,NULL,522,1,AW00000145,FEC5609D-042B-4480-B1BA-55F2D4107327,2014-09-12 11:15:07.263
146,NULL,518,1,AW00000146,5475E9DD-98CA-4989-B7A2-3FC929BEEA12,2014-09-12 11:15:07.263
147,NULL,702,3,AW00000147,03836A0B-7AD8-4115-8D23-6EFA0D8DEEA1,2014-09-12 11:15:07.263
148,NULL,524,3,AW00000148,79355855-A002-4393-BB6E-36F90913FA4D,2014-09-12 11:15:07.263
149,NULL,516,3,AW00000149,BAA99D94-2FC2-4A1C-8B67-2C3210EB90C3,2014-09-12 11:15:07.263
150,NULL,700,4,AW00000150,285C5DD7-75D6-460D-97BA-AA86D86637C0,2014-09-12 11:15:07.263
151,NULL,526,4,AW00000151,7F2891F7-DD88-470B-95AE-CC9A7D732B1F,2014-09-12 11:15:07.263
152,NULL,650,5,AW00000152,E07B697E-74C1-4F52-818F-32531696F7AB,2014-09-12 11:15:07.263
153,NULL,514,5,AW00000153,10C2DA66-32A2-4C63-998F-9B18CDD6E3B0,2014-09-12 11:15:07.263
154,NULL,626,6,AW00000154,4F60F75E-B20A-4056-874C-B7F3BD33BF3F,2014-09-12 11:15:07.263
155,NULL,648,6,AW00000155,3B56CD66-5DDF-430C-AB41-3FF6A1836868,2014-09-12 11:15:07.263
156,NULL,512,6,AW00000156,CFFFAAFB-98DC-4392-84F9-FB3229F35265,2014-09-12 11:15:07.263
157,NULL,628,7,AW00000157,DA4968B5-6BA0-4478-BBDC-3A00E9A1B59E,2014-09-12 11:15:07.263
158,NULL,646,8,AW00000158,C48CFB9B-45A2-4DC2-B932-BA8C2572E833,2014-09-12 11:15:07.263
159,NULL,456,9,AW00000159,EB0F31C8-C2CF-46CD-8F92-C4059190A9C6,2014-09-12 11:15:07.263
160,NULL,658,10,AW00000160,B42D510D-3AE4-4911-88CF-8D90D6BD0922,2014-09-12 11:15:07.263
161,NULL,820,2,AW00000161,5A1817B3-6C90-4C17-ADF8-B30A06F92141,2014-09-12 11:15:07.263
162,NULL,454,2,AW00000162,F4D0EE10-E276-4A3D-8D3B-E1904195F1B8,2014-09-12 11:15:07.263
163,NULL,660,1,AW00000163,989F9F3A-7CB8-4083-8CDA-291C682BE73C,2014-09-12 11:15:07.263
164,NULL,818,1,AW00000164,5A323ACA-74A2-4CA0-AA3B-E1AE299AAD08,2014-09-12 11:15:07.263
165,NULL,506,4,AW00000165,3CDBD3EA-DA78-4F9A-8EEC-8DA4C050C817,2014-09-12 11:15:07.263
166,NULL,662,4,AW00000166,F644D9DC-4CED-49E8-8587-CE859E466DFA,2014-09-12 11:15:07.263
167,NULL,816,4,AW00000167,515D4A13-4E60-4D0C-8F22-BB89A9D312AD,2014-09-12 11:15:07.263
168,NULL,504,4,AW00000168,FCE18386-F492-4D4A-A6D2-FB7EF20C57FC,2014-09-12 11:15:07.263
169,NULL,804,1,AW00000169,2D6BBC35-BC19-4CB4-A61B-46899D3A4237,2014-09-12 11:15:07.263
170,NULL,814,5,AW00000170,1F8334E8-3DDC-4530-A1D2-E0BAB826476E,2014-09-12 11:15:07.263
171,NULL,502,5,AW00000171,3C40E926-090D-4A7A-9E9D-D9222AE910C5,2014-09-12 11:15:07.263
172,NULL,806,6,AW00000172,324C671D-DD10-4EE2-857A-767917ACC2A3,2014-09-12 11:15:07.263
173,NULL,812,6,AW00000173,FDC12E98-898B-4C22-972F-F0EBFBFCB7B0,2014-09-12 11:15:07.263
174,NULL,500,6,AW00000174,9C4DDEFA-AABD-4A51-AB90-998985FB7D2F,2014-09-12 11:15:07.263
175,NULL,808,7,AW00000175,66F2342A-7CC4-4F5F-A218-8791B21A9173,2014-09-12 11:15:07.263
176,NULL,446,8,AW00000176,10219F9C-BEF1-4CAC-A435-D75342C43153,2014-09-12 11:15:07.263
177,NULL,688,9,AW00000177,6ABC1437-87FF-49FE-8B91-9EEEEB4143D4,2014-09-12 11:15:07.263
178,NULL,810,10,AW00000178,05B8FB77-FC67-4279-AEBD-4162D21B9A11,2014-09-12 11:15:07.263
179,NULL,444,2,AW00000179,F7F8B200-1294-4419-9DAC-8194231AC9B7,2014-09-12 11:15:07.263
180,NULL,686,3,AW00000180,F7CFF29E-F164-424E-B005-BF8CF317AF27,2014-09-12 11:15:07.263
181,NULL,1292,1,AW00000181,3D3D4CD0-7F5D-4BD9-A589-08881095BC5A,2014-09-12 11:15:07.263
182,NULL,442,1,AW00000182,D3DA2FF4-51C0-4FCB-A936-1B910458D752,2014-09-12 11:15:07.263
183,NULL,684,3,AW00000183,B2051957-B411-44E1-BCA5-63FECB5368F2,2014-09-12 11:15:07.263
184,NULL,1294,4,AW00000184,A65C523A-498D-4314-A727-D17A8B2779F6,2014-09-12 11:15:07.263
185,NULL,1196,4,AW00000185,5014E91D-7B0E-495A-B429-FF915BE9D2FD,2014-09-12 11:15:07.263
186,NULL,682,4,AW00000186,48D3E26E-C051-4B24-A37F-A88F5294F25F,2014-09-12 11:15:07.263
187,NULL,1296,4,AW00000187,3329CE97-BB9F-4C36-9197-A6EEE803BD94,2014-09-12 11:15:07.263
188,NULL,1194,5,AW00000188,2AF36044-25F9-476C-961D-A8EFD29E2C4F,2014-09-12 11:15:07.263
189,NULL,680,5,AW00000189,3ED50D2B-A57B-4238-BB31-2F96996DB362,2014-09-12 11:15:07.263
190,NULL,1298,6,AW00000190,91154406-0118-4A11-BB1B-366EDFB5C97A,2014-09-12 11:15:07.263
191,NULL,1192,6,AW00000191,A2F63E12-1C66-41C2-AAC0-57D87F1861D9,2014-09-12 11:15:07.263
192,NULL,678,6,AW00000192,84401968-8977-4380-9B4E-D5149C8126C0,2014-09-12 11:15:07.263
193,NULL,1300,7,AW00000193,74CB0417-1626-4586-A8C8-6F0331B08C50,2014-09-12 11:15:07.263
194,NULL,1190,8,AW00000194,3941081B-24ED-44F1-8009-CD17693423A0,2014-09-12 11:15:07.263
195,NULL,676,9,AW00000195,CD4CC2C3-9FB4-4DAB-95CC-A054B1171786,2014-09-12 11:15:07.263
196,NULL,1302,10,AW00000196,5F0EB2D3-4691-4F71-8E9B-A3EACFA4A1D5,2014-09-12 11:15:07.263
197,NULL,1188,3,AW00000197,47B64828-BC4C-4940-AA23-92006BF0D7F1,2014-09-12 11:15:07.263
198,NULL,452,3,AW00000198,B17DE285-DF9A-487B-8773-75844A101CD0,2014-09-12 11:15:07.263
199,NULL,1304,1,AW00000199,F0CD52D1-B838-451E-B015-5414AB7D9154,2014-09-12 11:15:07.263
200,NULL,1186,1,AW00000200,7C96C878-A038-4B2F-825F-016C922D6407,2014-09-12 11:15:07.263
201,NULL,450,4,AW00000201,FF8EB66D-37D8-46FB-B6E2-30A1FAC37947,2014-09-12 11:15:07.263
202,NULL,1306,4,AW00000202,E50D76BB-E3F7-419F-A6D2-20061538FCEA,2014-09-12 11:15:07.263
203,NULL,1184,4,AW00000203,B05AAA08-ABC9-41E1-B113-65347A2EE406,2014-09-12 11:15:07.263
204,NULL,448,4,AW00000204,C807870F-FA5D-44CB-B373-47ECAC52C1D8,2014-09-12 11:15:07.263
205,NULL,1404,4,AW00000205,9DB0BD27-5CE6-4F6D-8C90-A85422B86060,2014-09-12 11:15:07.263
206,NULL,1182,5,AW00000206,F0B3A736-DD1D-4412-AF94-083990D01965,2014-09-12 11:15:07.263
207,NULL,414,5,AW00000207,CA07B43C-6FB2-4160-B1AC-FAAEA2A1CCF1,2014-09-12 11:15:07.263
208,NULL,1406,6,AW00000208,6005E7A8-0101-4BE2-B8C1-F4AD936E496F,2014-09-12 11:15:07.263
209,NULL,1180,6,AW00000209,E5A50573-0D83-4200-A80C-9F690AF69FCC,2014-09-12 11:15:07.263
210,NULL,412,6,AW00000210,FF748558-EA94-4C67-A764-D1480B0F8548,2014-09-12 11:15:07.263
211,NULL,1408,7,AW00000211,98158631-9D58-4222-BCBD-CB0B90CBCE17,2014-09-12 11:15:07.263
212,NULL,1178,8,AW00000212,4DB27C1B-60CE-4060-B84D-2F83F7A04C4A,2014-09-12 11:15:07.263
213,NULL,410,9,AW00000213,374EACA4-B406-4D8E-B122-184EFC4122FA,2014-09-12 11:15:07.263
214,NULL,1410,10,AW00000214,402E4D5F-27C3-4197-87E8-32AA42E41BB6,2014-09-12 11:15:07.263
215,NULL,1176,2,AW00000215,3C8FDA7C-6E91-4779-A45E-234774092C78,2014-09-12 11:15:07.263
216,NULL,544,2,AW00000216,4F58A074-EA37-49F8-B0C1-FDC3E0A08677,2014-09-12 11:15:07.263
217,NULL,1412,1,AW00000217,5CFC3A75-DDC6-4C65-B4C3-15BF96C92983,2014-09-12 11:15:07.263
218,NULL,1174,1,AW00000218,3C098480-0D9B-409C-8156-C7610415AC5B,2014-09-12 11:15:07.263
219,NULL,1172,3,AW00000219,D39CCCE3-C4A6-441D-8A3C-96507627746D,2014-09-12 11:15:07.263
220,NULL,542,3,AW00000220,81305A48-9F6E-4415-B7AA-488BA04A8F7E,2014-09-12 11:15:07.263
221,NULL,1414,4,AW00000221,98EA497E-45D0-4C54-821A-4FDD9A751095,2014-09-12 11:15:07.263
222,NULL,1170,3,AW00000222,3DB84B19-4063-4EC2-B1B4-317DEE133A25,2014-09-12 11:15:07.263
223,NULL,1158,3,AW00000223,994837FE-10A8-47DF-B7B8-86C4E6932FD0,2014-09-12 11:15:07.263
224,NULL,1416,5,AW00000224,8B943679-47D7-48F4-BBB9-1020A2F634CD,2014-09-12 11:15:07.263
225,NULL,1168,5,AW00000225,AD085784-02A0-4A02-B79C-446A9F8F7EBF,2014-09-12 11:15:07.263
226,NULL,1156,6,AW00000226,CF860E9B-816A-406E-A64A-7965772D5487,2014-09-12 11:15:07.263
227,NULL,1418,6,AW00000227,1FFA0236-84EE-415A-BE61-94CE863715EA,2014-09-12 11:15:07.263
228,NULL,1166,6,AW00000228,C751DD7E-51D9-4D2D-AEED-C818EEE56CEB,2014-09-12 11:15:07.263
229,NULL,1154,7,AW00000229,25B9F9FC-40B0-463F-B6B9-B345E7B46874,2014-09-12 11:15:07.263
230,NULL,1420,8,AW00000230,6AC62AD2-FF1F-4151-B2A2-969847A7BAF1,2014-09-12 11:15:07.263
231,NULL,550,9,AW00000231,0AC6FEF1-C8D5-46F7-8E4C-FE522A0E4917,2014-09-12 11:15:07.263
232,NULL,1152,10,AW00000232,AA451BD5-FFC2-436C-A295-81B350A5B899,2014-09-12 11:15:07.263
233,NULL,1422,2,AW00000233,4E10867D-98DA-4CCC-ADF2-92A3EDB6E7C1,2014-09-12 11:15:07.263
234,NULL,548,2,AW00000234,60552ADB-643C-461A-9DFD-57029760B59A,2014-09-12 11:15:07.263
235,NULL,1150,1,AW00000235,A4DF6D50-5068-4FA9-B4CA-A3195EB29BB6,2014-09-12 11:15:07.263
236,NULL,1424,1,AW00000236,21801FB2-6EA6-4FE5-9444-7E09E8BA907C,2014-09-12 11:15:07.263
237,NULL,546,3,AW00000237,B8F7D9D3-E498-40C2-8C7E-FB1C98C43756,2014-09-12 11:15:07.263
238,NULL,1148,3,AW00000238,3ECD14CB-463C-4375-B81B-D6E60A48B83D,2014-09-12 11:15:07.263
239,NULL,1426,4,AW00000239,48AA4A1E-F209-4B29-A276-113EC94AA6DD,2014-09-12 11:15:07.263
240,NULL,1956,4,AW00000240,C581A495-5772-4EB1-943A-9E94E2387814,2014-09-12 11:15:07.263
241,NULL,1146,4,AW00000241,FF342E5E-445C-4900-AA71-F15656A7D24D,2014-09-12 11:15:07.263
242,NULL,1428,5,AW00000242,01D8CEF9-298D-49A8-AFC4-FFA9F5B6D1F0,2014-09-12 11:15:07.263
243,NULL,1954,5,AW00000243,62F14FDC-02DA-47EC-A1AF-5B95E963A14B,2014-09-12 11:15:07.263
244,NULL,1144,6,AW00000244,8FF82BED-93D5-4248-99E2-47F53055EC2D,2014-09-12 11:15:07.263
245,NULL,1430,6,AW00000245,4A122BDD-4393-42BC-AD49-37E43A0414F6,2014-09-12 11:15:07.263
246,NULL,1952,6,AW00000246,CEE9F2DF-2BE7-48B9-8E41-343ADC82F8C4,2014-09-12 11:15:07.263
247,NULL,1142,7,AW00000247,0764E4DB-C9D4-4C8B-964D-F7FAD1C567FB,2014-09-12 11:15:07.263
248,NULL,1432,8,AW00000248,CF89A228-A4D7-4C95-ABDC-181F2716892E,2014-09-12 11:15:07.263
249,NULL,1950,9,AW00000249,C2C4F287-0FBE-436C-8FB8-0E95125DFE61,2014-09-12 11:15:07.263
250,NULL,1140,10,AW00000250,CB1ED6CB-18A1-4F7C-8079-DC400B6E506F,2014-09-12 11:15:07.263
251,NULL,1434,2,AW00000251,50FC67E2-4FEA-4191-A01B-E850214B3B3E,2014-09-12 11:15:07.263
252,NULL,1948,2,AW00000252,3CEA9DD6-E7D0-4892-87D1-4BBA655BCC7A,2014-09-12 11:15:07.263
253,NULL,1138,1,AW00000253,E09AB347-7FB1-453F-A4BD-377E68EC8C33,2014-09-12 11:15:07.263
254,NULL,472,1,AW00000254,2F89E8DD-A3C3-4ED4-A604-4B3D45DD1BEA,2014-09-12 11:15:07.263
255,NULL,1946,4,AW00000255,0A21109F-02B0-4601-B4F7-2ED62C342385,2014-09-12 11:15:07.263
256,NULL,1136,4,AW00000256,0B6DB35B-B8B4-4B51-9154-C33E12B38C75,2014-09-12 11:15:07.263
257,NULL,474,4,AW00000257,A24F5A79-DD85-4EB2-A6A2-6E7026763FF8,2014-09-12 11:15:07.263
258,NULL,1944,4,AW00000258,5549DF48-409F-4C2A-B97B-900EB598843C,2014-09-12 11:15:07.263
259,NULL,1134,4,AW00000259,2C3F7A56-819C-4E83-B791-3CE02366D3CF,2014-09-12 11:15:07.263
260,NULL,476,5,AW00000260,0446B06C-94D3-44DF-96D3-0BAF8124E5D4,2014-09-12 11:15:07.263
261,NULL,1942,5,AW00000261,F6B51FEA-D82E-440F-BC5E-508D33BA7D0F,2014-09-12 11:15:07.263
262,NULL,1132,6,AW00000262,1C783210-2B1E-46E2-A2C8-23E610FEEB3C,2014-09-12 11:15:07.263
263,NULL,580,6,AW00000263,F665A873-61A2-4B21-B9FF-B5903BEAF759,2014-09-12 11:15:07.263
264,NULL,1940,6,AW00000264,A5CE11CE-239C-4849-9683-14F37025A2C1,2014-09-12 11:15:07.263
265,NULL,590,7,AW00000265,1CD5E09A-9C62-4AD1-9C86-0E17A4512D6E,2014-09-12 11:15:07.263
266,NULL,582,8,AW00000266,4AF6204A-8C86-435D-85D7-B4FA11C5AE93,2014-09-12 11:15:07.263
267,NULL,1938,9,AW00000267,E4659480-CA31-4FCD-AC59-79DDC831839F,2014-09-12 11:15:07.263
268,NULL,588,10,AW00000268,0C316F6F-5D54-41FD-86A3-6ECAF31A01DD,2014-09-12 11:15:07.263
269,NULL,584,2,AW00000269,C8D788BB-BDBE-48A7-B0BF-B1B0488D9B9F,2014-09-12 11:15:07.263
270,NULL,1936,2,AW00000270,EF6CE6F1-71B7-4A5D-9EEE-55283BD5AD5C,2014-09-12 11:15:07.263
271,NULL,586,1,AW00000271,F2765E86-8DEA-468B-849E-9E83AE57C381,2014-09-12 11:15:07.263
272,NULL,612,1,AW00000272,B80F890D-A6A1-4DFC-B763-ECD7743C3C2A,2014-09-12 11:15:07.263
273,NULL,1934,4,AW00000273,736DA014-1371-40B2-A401-5BD3267A1E8B,2014-09-12 11:15:07.263
274,NULL,952,3,AW00000274,02788A66-2628-4B91-B211-1D8F7E73C500,2014-09-12 11:15:07.263
275,NULL,614,4,AW00000275,68DC7932-128E-47CC-80CB-CF2B1A352F3C,2014-09-12 11:15:07.263
276,NULL,1932,4,AW00000276,09E2CB2A-B0CA-4376-ABE7-E9240EAD2C16,2014-09-12 11:15:07.263
277,NULL,950,4,AW00000277,37156292-0D92-4F6B-9014-CCB0B29E9F9A,2014-09-12 11:15:07.263
278,NULL,616,5,AW00000278,E8544BB9-7D68-4D07-96D2-7772D3A000CE,2014-09-12 11:15:07.263
279,NULL,1930,5,AW00000279,27670FE7-9BEB-496C-A0B4-A097ACEFECD0,2014-09-12 11:15:07.263
280,NULL,948,6,AW00000280,73B26C19-1113-427F-BBAB-BEB6FCDA33C3,2014-09-12 11:15:07.263
281,NULL,618,6,AW00000281,B3B07166-1798-41B4-A7C2-0579292008C4,2014-09-12 11:15:07.263
282,NULL,1928,6,AW00000282,CF04F255-D817-4EC9-9D99-4580B1ED0CE2,2014-09-12 11:15:07.263
283,NULL,946,7,AW00000283,7502406D-DB42-4F26-9C7C-384116A6882D,2014-09-12 11:15:07.263
284,NULL,758,8,AW00000284,FF1E806E-2F9D-4494-AE4D-1F7061744DB8,2014-09-12 11:15:07.263
285,NULL,408,9,AW00000285,055BC119-564E-47A0-8086-995FBBE8C739,2014-09-12 11:15:07.263
286,NULL,944,10,AW00000286,6266CCC4-1AF0-42E0-BCA4-B33EA6838EEE,2014-09-12 11:15:07.263
287,NULL,760,3,AW00000287,448CBBFE-EDDC-443D-B7C8-57AEAA463BE5,2014-09-12 11:15:07.263
288,NULL,406,3,AW00000288,44EDC8AC-BB0E-418E-BDD3-4F7691381633,2014-09-12 11:15:07.263
289,NULL,498,1,AW00000289,A42D0F51-C2BC-433D-B2BD-61C516296669,2014-09-12 11:15:07.263
290,NULL,762,1,AW00000290,D0DCDE2D-8C38-48FC-9D83-5EBE8A8577AE,2014-09-12 11:15:07.263
291,NULL,398,4,AW00000291,A5AA95AD-8C82-4E50-944F-39F6BDD0A8A8,2014-09-12 11:15:07.263
292,NULL,496,4,AW00000292,E1E960B9-5A86-475D-80FE-B64191AEB1DA,2014-09-12 11:15:07.263
293,NULL,764,1,AW00000293,B37A0D83-7ED6-4C58-A476-F59B7AE4FC85,2014-09-12 11:15:07.263
294,NULL,396,4,AW00000294,592B130D-BFF6-4744-B0B6-02F706504993,2014-09-12 11:15:07.263
295,NULL,1490,4,AW00000295,BB5324B1-9ACE-4AAE-8711-41090EDCE4E0,2014-09-12 11:15:07.263
296,NULL,766,5,AW00000296,6D8059C6-BF5D-4871-8CA8-CC1703668B87,2014-09-12 11:15:07.263
297,NULL,394,5,AW00000297,39BD90D4-A3F8-4F16-A960-B76014B1A913,2014-09-12 11:15:07.263
298,NULL,1488,6,AW00000298,16101465-48B9-4147-9C53-6610FEADF778,2014-09-12 11:15:07.263
299,NULL,768,6,AW00000299,1CEA8D76-4A20-4D76-9DA2-A3777FD7E693,2014-09-12 11:15:07.263
300,NULL,386,6,AW00000300,7256F9B7-5253-4384-B8DE-60B6F0ADF5A6,2014-09-12 11:15:07.263
301,NULL,1486,7,AW00000301,D4795F2C-072A-490C-8F6A-F1557DEB3A48,2014-09-12 11:15:07.263
302,NULL,770,8,AW00000302,10F18596-1B27-464B-BB18-5E37B29BCE6A,2014-09-12 11:15:07.263
303,NULL,384,9,AW00000303,31392045-13D2-46CB-9031-67BD7C6F1300,2014-09-12 11:15:07.263
304,NULL,1484,10,AW00000304,C332C909-EE43-4312-A9D8-B2365A0160EA,2014-09-12 11:15:07.263
305,NULL,772,2,AW00000305,7B7DC9C9-DF06-43B1-995D-AAC5D58F2862,2014-09-12 11:15:07.263
306,NULL,382,3,AW00000306,F8F2835D-F5F0-4070-8465-46BFC815153B,2014-09-12 11:15:07.263
307,NULL,1482,1,AW00000307,D11D9DAE-D5D1-440B-BE3F-48D307E942A6,2014-09-12 11:15:07.263
308,NULL,774,1,AW00000308,D2B47DAD-E684-449B-992C-15DE391C0FCC,2014-09-12 11:15:07.263
309,NULL,372,4,AW00000309,A80B5E25-5EF4-4910-B70B-B2D1F5B207C2,2014-09-12 11:15:07.263
310,NULL,1480,3,AW00000310,0D9A0E94-F5E9-4021-8E81-F7F2F18144B1,2014-09-12 11:15:07.263
311,NULL,776,4,AW00000311,F070050E-2B33-41A2-A995-D9DF09EB3AE3,2014-09-12 11:15:07.263
312,NULL,370,4,AW00000312,067BB7DA-557D-4145-910C-EE0C82CAA0E4,2014-09-12 11:15:07.263
313,NULL,1478,4,AW00000313,2157D9A9-A284-4001-973A-27196613681A,2014-09-12 11:15:07.263
314,NULL,778,5,AW00000314,1D3E8A19-1AD4-4524-BE77-5A5998107204,2014-09-12 11:15:07.263
315,NULL,440,5,AW00000315,527D2334-C39D-49A8-901E-B1057F41BD73,2014-09-12 11:15:07.263
316,NULL,1476,6,AW00000316,8C95E9D8-88D0-4E6A-8149-B4C6C79E65BD,2014-09-12 11:15:07.263
317,NULL,780,6,AW00000317,5EEF4DAA-8514-43A3-B96A-D99E19E3C2E8,2014-09-12 11:15:07.263
318,NULL,438,6,AW00000318,D241D8F1-5A7A-41B3-8723-1E2B1A9FDBF6,2014-09-12 11:15:07.263
319,NULL,1474,7,AW00000319,B933A9DC-EF58-4BB6-83A1-BCE83A1468DB,2014-09-12 11:15:07.263
320,NULL,538,8,AW00000320,FD0864B5-E700-4407-8683-92B710034073,2014-09-12 11:15:07.263
321,NULL,436,9,AW00000321,FFE78B87-222B-4AB6-8D46-AFBA06C1B19E,2014-09-12 11:15:07.263
322,NULL,1472,10,AW00000322,1C56E02D-69F4-4C0D-965B-2B7F54AA0A34,2014-09-12 11:15:07.263
323,NULL,540,3,AW00000323,0DA4F03E-47E9-4BED-B149-9C18CEE9EB30,2014-09-12 11:15:07.263
324,NULL,2051,2,AW00000324,815EEA58-33C8-4717-8A9B-A86856090A06,2014-09-12 11:15:07.263
325,NULL,1470,1,AW00000325,6340AC77-4FBD-4EEC-9D60-5009D428674A,2014-09-12 11:15:07.263
326,NULL,964,1,AW00000326,81C81C0D-73EB-442D-BEB0-D03AD4AF5048,2014-09-12 11:15:07.263
327,NULL,1994,3,AW00000327,CDD7480F-7284-453A-A7CA-910535D40583,2014-09-12 11:15:07.263
328,NULL,1992,4,AW00000328,84A86A42-C9F8-4B4A-A1A6-28E4E448FB8C,2014-09-12 11:15:07.263
329,NULL,470,4,AW00000329,35DE20D0-B72D-440B-8C55-6E8AD6643335,2014-09-12 11:15:07.263
330,NULL,966,4,AW00000330,09480748-3F10-4C0F-9BF1-EBEFAD6540CF,2014-09-12 11:15:07.263
331,NULL,1990,4,AW00000331,9B6D55BD-1BFD-489B-A09D-CA2DE42C7C16,2014-09-12 11:15:07.263
332,NULL,468,5,AW00000332,B2E4CF6B-9C83-4025-99B4-166640C15510,2014-09-12 11:15:07.263
333,NULL,968,5,AW00000333,0412C1A5-E4BA-4F83-9BB3-86175B894A55,2014-09-12 11:15:07.263
334,NULL,1988,6,AW00000334,777D62E5-3C77-4CEF-8AF6-8A4648F49EB9,2014-09-12 11:15:07.263
335,NULL,466,6,AW00000335,F8BF1985-3C65-400F-BD46-92F88008F003,2014-09-12 11:15:07.263
336,NULL,970,6,AW00000336,0341CA02-F44F-4604-8E20-A749B90FD976,2014-09-12 11:15:07.263
337,NULL,1986,7,AW00000337,FB5A02EB-5589-4499-A19E-492457426B90,2014-09-12 11:15:07.263
338,NULL,578,8,AW00000338,2E85A0AE-4725-45D3-A21C-F1EE94FDE748,2014-09-12 11:15:07.263
339,NULL,972,9,AW00000339,ECBD14F2-F495-4AC9-B3F4-6A53D15856D3,2014-09-12 11:15:07.263
340,NULL,1984,10,AW00000340,191FE023-2354-4FBB-88D7-B57ADC3428D8,2014-09-12 11:15:07.263
341,NULL,576,2,AW00000341,8347E7AF-A66A-410A-A035-65CF88E500B3,2014-09-12 11:15:07.263
342,NULL,974,2,AW00000342,DFBE95B2-BFB7-4CB3-BBFC-045F35BB48CF,2014-09-12 11:15:07.263
343,NULL,1982,1,AW00000343,DAE8EF10-88DA-4F94-B6A7-A9745F250DB2,2014-09-12 11:15:07.263
344,NULL,574,1,AW00000344,AA3B69DF-40CF-45B8-9250-F69EF6DB1C15,2014-09-12 11:15:07.263
345,NULL,976,4,AW00000345,131056AB-E899-43BF-91E6-D92F44456655,2014-09-12 11:15:07.263
346,NULL,1980,3,AW00000346,B3E143FD-F617-401E-AAD9-C50BC280ED18,2014-09-12 11:15:07.263
347,NULL,572,4,AW00000347,2DE20D49-86F7-40C0-950D-12C93EA94B35,2014-09-12 11:15:07.263
348,NULL,348,3,AW00000348,BA20E529-555E-4D2C-83F0-DCBA833230AF,2014-09-12 11:15:07.263
349,NULL,1978,4,AW00000349,B23474BF-01CC-4A5E-902C-D6A4EB5ED777,2014-09-12 11:15:07.263
350,NULL,610,5,AW00000350,51AF3285-9533-4172-A4B9-7E654169FB33,2014-09-12 11:15:07.263
351,NULL,354,5,AW00000351,4267E129-15F9-41DE-B426-F38CB86CC417,2014-09-12 11:15:07.263
352,NULL,1236,6,AW00000352,5617D4F8-C3A1-4408-8895-AE3F7E0EFA05,2014-09-12 11:15:07.263
353,NULL,608,6,AW00000353,3B2E5C36-0827-4A31-B112-F347AD588822,2014-09-12 11:15:07.263
354,NULL,356,6,AW00000354,B65DFD89-49C5-4530-B819-B6E84F3531A6,2014-09-12 11:15:07.263
355,NULL,1234,7,AW00000355,E6250B8A-8DCB-4192-8A0B-9598AE0E3F05,2014-09-12 11:15:07.263
356,NULL,606,8,AW00000356,C5ADD2B4-2679-46D0-B6BC-649592C7DA61,2014-09-12 11:15:07.263
357,NULL,358,9,AW00000357,CDD731FA-45B9-405C-9265-42C039CFB509,2014-09-12 11:15:07.263
358,NULL,1232,10,AW00000358,3ED88E2F-3F29-4E30-93D4-CE38474DED23,2014-09-12 11:15:07.263
359,NULL,604,2,AW00000359,68E332E9-2929-4149-8086-FA8D7E4BC859,2014-09-12 11:15:07.263
360,NULL,360,3,AW00000360,8BE04D7D-1192-4A27-ACA3-926E5F530ABB,2014-09-12 11:15:07.263
361,NULL,1230,1,AW00000361,6F69F454-5199-4B15-B370-D926F8ED104C,2014-09-12 11:15:07.263
362,NULL,756,1,AW00000362,D9B640A6-0988-4548-8231-69CA927D49AB,2014-09-12 11:15:07.263
363,NULL,374,3,AW00000363,3543B21B-0DFA-40DE-998E-A9C3F2FCDA98,2014-09-12 11:15:07.263
364,NULL,1228,3,AW00000364,9D91F4ED-58B5-4A59-9894-8FD17EBDFC9B,2014-09-12 11:15:07.263
365,NULL,754,4,AW00000365,AB87B283-4B2B-48AD-9D10-6B9F2D4D0BAA,2014-09-12 11:15:07.263
366,NULL,376,4,AW00000366,76DA51E9-D61B-488C-A4E7-C7B87FDA2917,2014-09-12 11:15:07.263
367,NULL,1226,4,AW00000367,A65D6B08-0B08-453C-B244-CB324A3DFC0C,2014-09-12 11:15:07.263
368,NULL,752,5,AW00000368,992E96CC-BE7C-49AA-A6E5-6534990F1774,2014-09-12 11:15:07.263
369,NULL,362,5,AW00000369,3D4C073C-758C-4AE7-A00B-72DADA062AF2,2014-09-12 11:15:07.263
370,NULL,1224,6,AW00000370,7059E0F6-846D-4A52-8A97-0734CD064892,2014-09-12 11:15:07.263
371,NULL,750,6,AW00000371,05CF6683-BC27-4062-A60D-995706BBFAB5,2014-09-12 11:15:07.263
372,NULL,1852,6,AW00000372,F377F21A-9A29-49AF-9158-4E3FA8586FF7,2014-09-12 11:15:07.263
373,NULL,1222,7,AW00000373,6C49B96D-2DFE-4E55-A102-416FE3B64DC4,2014-09-12 11:15:07.263
374,NULL,748,8,AW00000374,B50E974F-2703-4508-81F9-84AA2FB27615,2014-09-12 11:15:07.263
375,NULL,1854,9,AW00000375,150DCA03-DAE1-461C-85C8-54660461356C,2014-09-12 11:15:07.263
376,NULL,1220,10,AW00000376,D733948F-DB34-47FF-A618-06123A32E515,2014-09-12 11:15:07.263
377,NULL,746,3,AW00000377,F728AB05-7868-493D-BEBA-F4E7DFAFFF31,2014-09-12 11:15:07.263
378,NULL,1856,2,AW00000378,95828950-E407-4293-A824-B2525F135503,2014-09-12 11:15:07.263
379,NULL,1218,1,AW00000379,083C2D9F-7CBB-4CD4-9BBF-30E80C376EE5,2014-09-12 11:15:07.263
380,NULL,744,1,AW00000380,5E469335-ACDD-41C8-89FE-0856ED944340,2014-09-12 11:15:07.263
381,NULL,1858,3,AW00000381,5AA5C79E-3C99-4FD2-87E7-B0E67603D5AB,2014-09-12 11:15:07.263
382,NULL,1216,4,AW00000382,7EE0371D-CEFE-4A15-9347-34C232D82AB0,2014-09-12 11:15:07.263
383,NULL,742,4,AW00000383,94DA916C-8E0D-405C-AD3C-CFE9C1DB699A,2014-09-12 11:15:07.263
384,NULL,1860,4,AW00000384,7BC25C4C-F0E3-4471-8D8B-E0595061AF6A,2014-09-12 11:15:07.263
385,NULL,1214,4,AW00000385,6EDE3BE1-137D-4984-9ECB-EB871AE9059D,2014-09-12 11:15:07.263
386,NULL,740,5,AW00000386,BC5C4272-DB96-464C-8F74-09A8343E5877,2014-09-12 11:15:07.263
387,NULL,1862,5,AW00000387,3F8DE0ED-D0F6-498C-AB91-2C35815E297E,2014-09-12 11:15:07.263
388,NULL,1212,6,AW00000388,C0C5EE7E-DD39-401D-9BF5-7EC01D57E57F,2014-09-12 11:15:07.263
389,NULL,738,6,AW00000389,0FC568B5-2A6B-4C9D-87BC-9B8C6313C9DA,2014-09-12 11:15:07.263
390,NULL,1864,6,AW00000390,D6AB0687-0DB2-460B-A4D2-34AAD4EC9F3D,2014-09-12 11:15:07.263
391,NULL,1210,7,AW00000391,030F5458-D836-4142-B2A7-321C34EA66D7,2014-09-12 11:15:07.263
392,NULL,736,8,AW00000392,8D04B130-E705-4B91-8159-8DA619A2B9DE,2014-09-12 11:15:07.263
393,NULL,1866,9,AW00000393,65923376-FAE9-430E-9712-42235694F8BD,2014-09-12 11:15:07.263
394,NULL,1208,10,AW00000394,F53F2CA8-F244-46B8-A64F-A09F657DB9DC,2014-09-12 11:15:07.263
395,NULL,560,3,AW00000395,8DA056FC-494F-4FE1-8397-0B0736603201,2014-09-12 11:15:07.263
396,NULL,1868,2,AW00000396,8ADBCD9A-4D47-4FD5-A04A-DFFCC2BF47DE,2014-09-12 11:15:07.263
397,NULL,1206,1,AW00000397,B711F333-3277-4885-AB55-5790CF41F27D,2014-09-12 11:15:07.263
398,NULL,558,1,AW00000398,E47537DD-645F-458C-A410-A520D38DD7B9,2014-09-12 11:15:07.263
399,NULL,1870,4,AW00000399,BC98B78E-3068-475A-8EAD-FBA537DDE9B9,2014-09-12 11:15:07.263
400,NULL,1110,3,AW00000400,40984282-13F9-4B14-90B3-E7A17180195D,2014-09-12 11:15:07.263
401,NULL,368,1,AW00000401,CC76F684-79AD-4A66-A30E-1B7FB5C917C5,2014-09-12 11:15:07.263
402,NULL,460,4,AW00000402,48941CAA-5B39-497E-AD56-EFD9172D372E,2014-09-12 11:15:07.263
403,NULL,1108,4,AW00000403,0484601B-6A04-41BF-9554-3EB22D5B4DC1,2014-09-12 11:15:07.263
404,NULL,366,5,AW00000404,8EF6E3C7-A53A-4CE4-819F-E67871C2F7ED,2014-09-12 11:15:07.263
405,NULL,462,5,AW00000405,2EF9B843-4B9A-4220-8503-2DBDB2878C41,2014-09-12 11:15:07.263
406,NULL,1106,6,AW00000406,04C17472-C4DA-40B1-82FA-B08D3828B863,2014-09-12 11:15:07.263
407,NULL,380,6,AW00000407,5A2338D1-158F-4386-8C30-EFF2BF990669,2014-09-12 11:15:07.263
408,NULL,464,6,AW00000408,A845D318-D6C0-4E69-B509-83686BD409A6,2014-09-12 11:15:07.263
409,NULL,1104,7,AW00000409,102DF3EB-C1A7-494A-A2FF-E0C5F2018559,2014-09-12 11:15:07.263
410,NULL,378,8,AW00000410,C35EE937-EDB6-4A80-BCD5-6310F0C25764,2014-09-12 11:15:07.263
411,NULL,690,9,AW00000411,509BA11F-3D46-478D-8213-142F20C2F6BF,2014-09-12 11:15:07.263
412,NULL,1102,10,AW00000412,BD823AB5-6077-41D3-86C7-7BFA90602024,2014-09-12 11:15:07.263
413,NULL,404,2,AW00000413,44690101-F37F-418E-BA40-7B117D134B68,2014-09-12 11:15:07.263
414,NULL,692,2,AW00000414,F493788D-9984-4433-B24F-F7D151462826,2014-09-12 11:15:07.263
415,NULL,674,1,AW00000415,01289F01-9785-4DEA-A896-92592F1F90B2,2014-09-12 11:15:07.263
416,NULL,402,1,AW00000416,6B7FF7E6-4028-491E-AC2A-DFBB6278CA57,2014-09-12 11:15:07.263
417,NULL,694,4,AW00000417,B8B12910-9CE7-4E71-902C-CF267A30FD3B,2014-09-12 11:15:07.263
418,NULL,672,3,AW00000418,C6A84BC4-4131-4F49-9865-1F05530318CD,2014-09-12 11:15:07.263
419,NULL,400,4,AW00000419,8FE888A7-82D6-4A5A-A7F4-4E69B9D62838,2014-09-12 11:15:07.263
420,NULL,696,4,AW00000420,E4E565BB-00FF-494A-B31F-4BFE14EC2950,2014-09-12 11:15:07.263
421,NULL,670,4,AW00000421,B70D3CF0-B999-46E6-A004-E551C302EF24,2014-09-12 11:15:07.263
422,NULL,1164,5,AW00000422,7A2CDC3B-3646-4FB1-975A-E3BB2F3159A9,2014-09-12 11:15:07.263
423,NULL,698,5,AW00000423,A6B62683-6B48-4B90-8618-01A36F459ECD,2014-09-12 11:15:07.263
424,NULL,510,6,AW00000424,1907F0A4-BFFE-4A3B-BEC8-76D0AECB2D30,2014-09-12 11:15:07.263
425,NULL,1162,6,AW00000425,B1508150-5C6B-436B-8FF4-41171E6CD517,2014-09-12 11:15:07.263
426,NULL,562,6,AW00000426,76ECB325-F500-4D90-A4FD-F2A2F8971379,2014-09-12 11:15:07.263
427,NULL,508,7,AW00000427,411E7506-12EF-4EE7-BD86-B80187AA6190,2014-09-12 11:15:07.263
428,NULL,1160,8,AW00000428,2EC6EEE4-A066-4C95-9982-8EECBD71FD2F,2014-09-12 11:15:07.263
429,NULL,564,9,AW00000429,A1AE3116-2C4D-4647-A111-EAEED3DF2D96,2014-09-12 11:15:07.263
430,NULL,602,10,AW00000430,D18DFA60-7D7E-4900-A0B6-78DF78E4DEEF,2014-09-12 11:15:07.263
431,NULL,392,3,AW00000431,730AF72E-62CC-43C0-B790-975FB1F2DF0D,2014-09-12 11:15:07.263
432,NULL,846,2,AW00000432,2BB213EE-5443-4E13-B085-6413A707A120,2014-09-12 11:15:07.263
433,NULL,600,1,AW00000433,EB0B1054-FF23-4E35-BCFC-10B84B47EA47,2014-09-12 11:15:07.263
434,NULL,390,1,AW00000434,0A748427-CCAF-4E93-9551-8F06B976DCAD,2014-09-12 11:15:07.263
435,NULL,848,4,AW00000435,7624B525-F236-4771-8D0B-FFC8EF75AFA7,2014-09-12 11:15:07.263
436,NULL,598,4,AW00000436,506DD7E7-E6D0-49E7-ADDC-5CD6C811DD35,2014-09-12 11:15:07.263
437,NULL,570,4,AW00000437,7EE44449-7164-4637-96FE-264004DD31A0,2014-09-12 11:15:07.263
438,NULL,388,1,AW00000438,3F98F477-0DB0-44D4-9155-15243B8FD480,2014-09-12 11:15:07.263
439,NULL,850,4,AW00000439,2B10BD49-1D5C-4E73-A492-95AE4C03C312,2014-09-12 11:15:07.263
440,NULL,568,5,AW00000440,1B5AF7F4-4D4E-4B51-A1A2-C2F62431BC9A,2014-09-12 11:15:07.263
441,NULL,364,5,AW00000441,2965F5CF-909A-444A-9966-3D1AAF761206,2014-09-12 11:15:07.263
442,NULL,852,6,AW00000442,F41036BB-C3BA-4935-9F16-10DEC1A55C33,2014-09-12 11:15:07.263
443,NULL,566,6,AW00000443,133CE995-D294-47EE-94CB-468E147214D4,2014-09-12 11:15:07.263
444,NULL,428,6,AW00000444,A83D6923-A2DF-4C6F-9D39-AF9DE01320DC,2014-09-12 11:15:07.263
445,NULL,854,7,AW00000445,F6130E0A-B5EA-4747-92EA-257D7F3ED116,2014-09-12 11:15:07.263
446,NULL,1926,8,AW00000446,A6DB70BA-E347-4406-B237-56C1BBD24FE5,2014-09-12 11:15:07.263
447,NULL,426,9,AW00000447,9EE3C197-E7DB-4F66-B491-118A9928B782,2014-09-12 11:15:07.263
448,NULL,856,10,AW00000448,722AEE8F-6B89-4712-BB35-6861AF3065CD,2014-09-12 11:15:07.263
449,NULL,1924,5,AW00000449,C92CC384-FE07-46C6-952C-9EE65176E4F9,2014-09-12 11:15:07.263
450,NULL,424,2,AW00000450,81A8AE36-D134-475C-BED1-06C7C68CB095,2014-09-12 11:15:07.263
451,NULL,858,1,AW00000451,D5AE552E-FAFD-49AB-AC05-014484CA1139,2014-09-12 11:15:07.263
452,NULL,1922,1,AW00000452,A0328ADC-2DBD-47AE-9648-CBAF845EBF74,2014-09-12 11:15:07.263
453,NULL,926,3,AW00000453,E165218F-456F-4D59-BF10-ACCF3911AE3C,2014-09-12 11:15:07.263
454,NULL,860,3,AW00000454,D0CC43E1-CF3E-47EA-87F7-2B64C899C56D,2014-09-12 11:15:07.263
455,NULL,1920,4,AW00000455,B4200F93-711C-438E-975D-FCCA43632D20,2014-09-12 11:15:07.263
456,NULL,924,4,AW00000456,71FCE014-2BD7-4072-A163-B67CF0217325,2014-09-12 11:15:07.263
457,NULL,862,4,AW00000457,2E58399C-F9B5-406A-A91A-2D7416E697E4,2014-09-12 11:15:07.263
458,NULL,1918,5,AW00000458,5478A7A1-3070-4316-BA3B-76936AFA4EBE,2014-09-12 11:15:07.263
459,NULL,922,5,AW00000459,D587C243-7E07-4D4A-AFF5-2BB7EB47046B,2014-09-12 11:15:07.263
460,NULL,864,6,AW00000460,E7069C91-9479-4CC0-BE91-991AA1447AF6,2014-09-12 11:15:07.263
461,NULL,1916,6,AW00000461,25EE1C59-AA4A-44E6-AD18-70F2B8FDE302,2014-09-12 11:15:07.263
462,NULL,920,6,AW00000462,5C085E79-91EE-4855-92C2-BA36CD6980E0,2014-09-12 11:15:07.263
463,NULL,866,7,AW00000463,6B70D0B3-4A77-4143-842A-C5FB0BBBE8FF,2014-09-12 11:15:07.263
464,NULL,1914,8,AW00000464,1548C6D6-55AE-42CC-813D-093D70330662,2014-09-12 11:15:07.263
465,NULL,918,9,AW00000465,5AB396BE-567F-4EDE-B3C1-82E410867ACD,2014-09-12 11:15:07.263
466,NULL,868,10,AW00000466,94B95997-FD84-4632-BB16-6F21FE706051,2014-09-12 11:15:07.263
467,NULL,1912,5,AW00000467,0E1AD4C8-39FA-45FD-913F-2428D826B11A,2014-09-12 11:15:07.263
468,NULL,916,3,AW00000468,ED1FF0E0-836D-42B3-A9DC-F8FAAF32ADBA,2014-09-12 11:15:07.263
469,NULL,870,1,AW00000469,F9EEC39E-A3A3-41AB-8ABD-1AB31C0B729B,2014-09-12 11:15:07.263
470,NULL,1910,1,AW00000470,D7B637CF-C957-41C1-AE45-590A1A9F4527,2014-09-12 11:15:07.263
471,NULL,914,4,AW00000471,7578FA92-B7BF-4FA8-94E3-186B08221382,2014-09-12 11:15:07.263
472,NULL,872,3,AW00000472,DCEDC9D8-C1FD-4720-95F2-4BE8C5A8B5D1,2014-09-12 11:15:07.263
473,NULL,1204,4,AW00000473,BDC2CD6E-0FF5-4AF8-A5B2-EEAF07B882E5,2014-09-12 11:15:07.263
474,NULL,912,4,AW00000474,9437F421-4E1A-4223-8D41-B3008BC7BBC9,2014-09-12 11:15:07.263
475,NULL,874,4,AW00000475,14CA36FA-E45C-421C-BB5A-22CDE0946AEA,2014-09-12 11:15:07.263
476,NULL,1202,5,AW00000476,8DEBBA6B-6E6B-438B-A730-712E7E68CA2B,2014-09-12 11:15:07.263
477,NULL,910,5,AW00000477,6DCC5CA8-4F2B-42AC-BA55-ED5888BE101E,2014-09-12 11:15:07.263
478,NULL,1828,6,AW00000478,E76A3EC3-581B-456B-9415-5853EE013816,2014-09-12 11:15:07.263
479,NULL,1200,6,AW00000479,DDF27582-0D9B-45A9-B605-AB01D2C1C3B8,2014-09-12 11:15:07.263
480,NULL,908,6,AW00000480,3AECCDDA-2012-468E-858E-3BE516A77FA0,2014-09-12 11:15:07.263
481,NULL,1830,7,AW00000481,579EF71E-9A99-4D2E-BF31-0B6D5DAC66BE,2014-09-12 11:15:07.263
482,NULL,1198,8,AW00000482,EEB9F9CD-5B5C-4492-AF64-6F28F4225350,2014-09-12 11:15:07.263
483,NULL,906,9,AW00000483,19405801-665B-479F-B5A6-686876E615AC,2014-09-12 11:15:07.263
484,NULL,1832,10,AW00000484,37398B37-B78B-4460-B012-665828C6B9EC,2014-09-12 11:15:07.263
485,NULL,306,5,AW00000485,EB969756-E3CD-4956-8A65-572A887B1718,2014-09-12 11:15:07.263
486,NULL,904,2,AW00000486,C0A0ECCC-1504-49CB-93E0-A613BA0A6DD6,2014-09-12 11:15:07.263
487,NULL,1834,1,AW00000487,4EE55CA2-F2AC-4E5B-BCEC-B23C09FB345B,2014-09-12 11:15:07.263
488,NULL,304,1,AW00000488,C4647E94-EB39-4FE5-B856-FA982709A6DA,2014-09-12 11:15:07.263
489,NULL,902,4,AW00000489,2B107C53-4450-4179-A330-516FF82E4744,2014-09-12 11:15:07.263
490,NULL,1836,4,AW00000490,AB26F88E-ABDE-4122-B772-34940B143427,2014-09-12 11:15:07.263
491,NULL,302,4,AW00000491,28A9945C-B9B3-4A24-B367-D17BCC0AE82E,2014-09-12 11:15:07.263
492,NULL,900,4,AW00000492,8194B68E-AF15-4EDC-B403-6C8F7475492B,2014-09-12 11:15:07.263
493,NULL,1838,4,AW00000493,B143978A-3FC9-4077-A70A-DB4DFACEDC79,2014-09-12 11:15:07.263
494,NULL,326,5,AW00000494,1DADF7F5-0DFB-4357-8822-316FD414B6D9,2014-09-12 11:15:07.263
495,NULL,898,5,AW00000495,70CC6D14-4AEB-4731-A23F-00FD899BC6C8,2014-09-12 11:15:07.263
496,NULL,1840,6,AW00000496,9D1A7488-6CD7-4866-A0A4-DD3A8A850ED0,2014-09-12 11:15:07.263
497,NULL,324,6,AW00000497,9FC698D8-A5D6-4971-BFB4-9A4D8988DB58,2014-09-12 11:15:07.263
498,NULL,896,6,AW00000498,E3A756B3-EE63-4AC7-A799-B1FA170EDDE6,2014-09-12 11:15:07.263
499,NULL,1842,7,AW00000499,C1977B0F-7A53-4761-AC2D-E43DA7B25711,2014-09-12 11:15:07.263
500,NULL,322,8,AW00000500,8D407BAC-A447-456B-93FE-50301BC7555A,2014-09-12 11:15:07.263
501,NULL,894,9,AW00000501,5314EDB3-4FE0-47BC-90C8-E89589E8BA7A,2014-09-12 11:15:07.263
502,NULL,1844,10,AW00000502,E8DD8339-8804-46F2-AC6C-BCE931FF0831,2014-09-12 11:15:07.263
503,NULL,320,2,AW00000503,53F9D07A-114F-40C3-84DE-2CAA6E13A05C,2014-09-12 11:15:07.263
504,NULL,488,3,AW00000504,240578AC-2179-4ACA-83D8-C647C8F668CD,2014-09-12 11:15:07.263
505,NULL,1846,1,AW00000505,4F32A900-A34B-4448-A72C-196A1C553073,2014-09-12 11:15:07.263
506,NULL,318,1,AW00000506,794AA83A-293D-4A91-BCF5-D40471B46569,2014-09-12 11:15:07.263
507,NULL,486,4,AW00000507,2C2F6363-D05A-4ED4-8896-E321413D4FF3,2014-09-12 11:15:07.263
508,NULL,1848,4,AW00000508,4DA216F0-E0FC-43F1-847B-C0445EBFDA46,2014-09-12 11:15:07.263
509,NULL,316,4,AW00000509,78ED169F-C38F-44F9-9ABC-2A65D87C7F7D,2014-09-12 11:15:07.263
510,NULL,484,4,AW00000510,6EE9D652-6F65-4F4D-AF0B-3A82CB34C5F1,2014-09-12 11:15:07.263
511,NULL,1850,4,AW00000511,39A1E62C-4669-4731-9D99-F74D0A4979D7,2014-09-12 11:15:07.263
512,NULL,352,5,AW00000512,5B37CCFF-1A71-4561-AC12-50EB77C92BC2,2014-09-12 11:15:07.263
513,NULL,1468,5,AW00000513,B969D812-D0AC-4484-9897-6262151508DB,2014-09-12 11:15:07.263
514,NULL,592,6,AW00000514,F7FA597E-BE0A-4488-9101-A6CD272DBF47,2014-09-12 11:15:07.263
515,NULL,1908,6,AW00000515,0D4A67DB-594A-4131-A3C8-51C76265B3C5,2014-09-12 11:15:07.263
516,NULL,1466,6,AW00000516,3E567502-B73A-49CB-BFA4-89E32F3BF89D,2014-09-12 11:15:07.263
517,NULL,594,7,AW00000517,A7726BAE-8C2D-4FE5-B25F-281083AEAF2C,2014-09-12 11:15:07.263
518,NULL,1906,8,AW00000518,F3E61433-B332-4B4C-BCE6-A963950E6CA4,2014-09-12 11:15:07.263
519,NULL,1464,9,AW00000519,6E5DC4E9-BD21-4E78-808A-074F07958B75,2014-09-12 11:15:07.263
520,NULL,596,10,AW00000520,34C094D7-8C79-47A5-B192-9597826BD55D,2014-09-12 11:15:07.263
521,NULL,1904,2,AW00000521,A09978FE-9354-4C69-8423-1E172841A9AB,2014-09-12 11:15:07.263
522,NULL,1462,2,AW00000522,8989CBD0-E708-4D36-BFB7-71B08A239BFA,2014-09-12 11:15:07.263
523,NULL,954,3,AW00000523,ED034862-2FAA-4C55-AFB3-052D06A2191E,2014-09-12 11:15:07.263
524,NULL,1902,5,AW00000524,66F5D073-40BB-4584-A577-91E2A6CC36F7,2014-09-12 11:15:07.263
525,NULL,1460,5,AW00000525,82BD929F-9DA3-4E28-BBCF-9D4C58D02FF3,2014-09-12 11:15:07.263
526,NULL,956,6,AW00000526,34242469-AE37-497E-920E-AD364D7EFF4C,2014-09-12 11:15:07.263
527,NULL,1900,3,AW00000527,B43C442C-796E-4B1F-85F3-233A02F5F7ED,2014-09-12 11:15:07.263
528,NULL,1458,4,AW00000528,1264D83B-3ABB-4A87-B473-E30B96F55BB6,2014-09-12 11:15:07.263
529,NULL,958,4,AW00000529,7BA3FEF2-3B40-4490-9601-3D5705B0FF7A,2014-09-12 11:15:07.263
530,NULL,1898,5,AW00000530,EF99BAF9-922B-4634-A430-647B1063E0E0,2014-09-12 11:15:07.263
531,NULL,1456,5,AW00000531,5B99C621-4B4D-4AF2-A1C1-7ED552F53C57,2014-09-12 11:15:07.263
532,NULL,960,6,AW00000532,60E33181-3EE5-4F24-B543-90F7CA6CFDC2,2014-09-12 11:15:07.263
533,NULL,1896,6,AW00000533,89E3BBB3-134C-465B-A2BD-558EA54D3D9E,2014-09-12 11:15:07.263
534,NULL,1454,6,AW00000534,24A6A509-B31C-49F5-BF0D-6A0C40B5B740,2014-09-12 11:15:07.263
535,NULL,962,7,AW00000535,6A937150-8AB4-4526-A5BF-70CAABE12FC6,2014-09-12 11:15:07.263
536,NULL,1250,8,AW00000536,7011F5CD-BA44-42A1-A0DD-324C3238BAF9,2014-09-12 11:15:07.263
537,NULL,1452,9,AW00000537,21EC149D-266A-4B80-8D35-F49BE8A57F06,2014-09-12 11:15:07.263
538,NULL,534,10,AW00000538,35E95974-7000-4081-A041-64011DE880A2,2014-09-12 11:15:07.263
539,NULL,1248,2,AW00000539,664067F5-4C17-49E0-AE44-775AEB6F23E2,2014-09-12 11:15:07.263
540,NULL,1450,2,AW00000540,D0EFCB7C-D0B6-4E7F-8C63-1E00E7938929,2014-09-12 11:15:07.263
541,NULL,536,1,AW00000541,889515AC-044F-41E5-9D12-B82D6E32EAB6,2014-09-12 11:15:07.263
542,NULL,1246,1,AW00000542,6AF61284-02DF-41BA-A0E0-2B1728B2CF7A,2014-09-12 11:15:07.263
543,NULL,1448,3,AW00000543,C26F1F97-AF69-4F04-90EB-CAD58466F730,2014-09-12 11:15:07.263
544,NULL,308,3,AW00000544,70259E78-E301-494B-B26D-40D663DBB3DE,2014-09-12 11:15:07.263
545,NULL,1244,4,AW00000545,7118CA63-B79E-4E8A-B70D-7DF409B7F23A,2014-09-12 11:15:07.263
546,NULL,1242,3,AW00000546,298DE006-BED6-4E13-B659-3F9422750943,2014-09-12 11:15:07.263
547,NULL,1446,4,AW00000547,522CDA1C-21B1-4316-8FD6-654EB8A043BD,2014-09-12 11:15:07.263
548,NULL,310,5,AW00000548,AB8E25B5-9F56-4482-98F2-5DBB212CF679,2014-09-12 11:15:07.263
549,NULL,1240,5,AW00000549,C15A76F4-2DFE-44E2-958B-4347C4E37C14,2014-09-12 11:15:07.263
550,NULL,1444,6,AW00000550,DEFE32C0-E965-40EE-A991-69DCA4BEDCE6,2014-09-12 11:15:07.263
551,NULL,312,6,AW00000551,85A3A976-A059-4FB9-BAB9-569C4EAD0869,2014-09-12 11:15:07.263
552,NULL,1238,6,AW00000552,B6D14407-6E95-452D-9ED4-D72D111A5BE7,2014-09-12 11:15:07.263
553,NULL,1442,7,AW00000553,0F25342A-F34F-4537-ACBF-37051F4E9DDD,2014-09-12 11:15:07.263
554,NULL,314,8,AW00000554,EA6040DC-0651-4F25-AE9D-DBEEF5757609,2014-09-12 11:15:07.263
555,NULL,350,9,AW00000555,5F257E9E-661F-4D55-9B92-120C96D59088,2014-09-12 11:15:07.263
556,NULL,1440,10,AW00000556,AF0745DF-2902-4BDE-9F2B-48CA6A81CEEF,2014-09-12 11:15:07.263
557,NULL,328,2,AW00000557,ADB9D8CD-5614-4D68-A71D-102A28726938,2014-09-12 11:15:07.263
558,NULL,344,2,AW00000558,E235C0E3-895D-4E0A-8B71-1807FB4537E2,2014-09-12 11:15:07.263
559,NULL,1438,1,AW00000559,487EDB3A-23A8-4D1D-B1FF-FCDDCBDBC97E,2014-09-12 11:15:07.263
560,NULL,330,1,AW00000560,B4402FBC-ADE6-41E7-BAEF-11BF1157F658,2014-09-12 11:15:07.263
561,NULL,342,4,AW00000561,E8C7FF14-1BED-4405-8E3A-B744C8A29CD8,2014-09-12 11:15:07.263
562,NULL,1436,3,AW00000562,CDFD5261-BA2C-46D1-9CE3-D083483A5CD2,2014-09-12 11:15:07.263
563,NULL,338,4,AW00000563,64A38F14-8B74-4798-91A0-56CB5D01AD1D,2014-09-12 11:15:07.263
564,NULL,336,1,AW00000564,7F79FF5A-E220-46F7-BEC3-E6FFDABEBB2C,2014-09-12 11:15:07.263
565,NULL,458,4,AW00000565,795FED3E-6216-4F65-870B-ACA2E485AD97,2014-09-12 11:15:07.263
566,NULL,340,5,AW00000566,30B819A4-AC5F-4E4F-A3C8-11D78DF183A3,2014-09-12 11:15:07.263
567,NULL,334,5,AW00000567,4D00D4D6-11D3-4D79-A3A5-9256ADC87C63,2014-09-12 11:15:07.263
568,NULL,1112,6,AW00000568,4CE1F27A-361E-4C9D-9C89-D5E0104EBB96,2014-09-12 11:15:07.263
569,NULL,346,6,AW00000569,3BC5888D-DAB7-44EA-91DB-A50E0EC70BA5,2014-09-12 11:15:07.263
570,NULL,332,6,AW00000570,8F7E5659-CA92-4048-BAFF-F4B6E80A8801,2014-09-12 11:15:07.263
571,NULL,1114,7,AW00000571,666A1166-84FC-4E16-8A0C-D8DF42F9A865,2014-09-12 11:15:07.263
572,NULL,876,8,AW00000572,B42E4CCC-7AD3-4070-BAA3-68FFFF09FF1C,2014-09-12 11:15:07.263
573,NULL,300,9,AW00000573,FA67448C-1AF6-4F9B-95CE-71DD35604992,2014-09-12 11:15:07.263
574,NULL,1116,10,AW00000574,570C76DB-C00E-420C-AF27-40E55457FFD4,2014-09-12 11:15:07.263
575,NULL,878,2,AW00000575,18AA89AA-FEFF-45A5-9F0F-9C18523FDC6C,2014-09-12 11:15:07.263
576,NULL,298,2,AW00000576,566E9FAD-966F-4F9F-B9B0-D848EEA5B7AC,2014-09-12 11:15:07.263
577,NULL,1118,1,AW00000577,4FD75307-57E3-44B4-99F7-FB0206F5222E,2014-09-12 11:15:07.263
578,NULL,880,1,AW00000578,82B2F273-C9F6-4B40-B0DA-F1AE0D6CB581,2014-09-12 11:15:07.263
579,NULL,296,3,AW00000579,ADA28DF5-683F-47E6-9D05-7C22DD329440,2014-09-12 11:15:07.263
580,NULL,1120,4,AW00000580,FE870DE4-818A-495D-BA9E-875CB8212233,2014-09-12 11:15:07.263
581,NULL,882,4,AW00000581,DE11580B-02D7-4DB2-AEEC-ECA3E3CCFDC9,2014-09-12 11:15:07.263
582,NULL,294,4,AW00000582,D05CCF47-0563-44EE-8CC9-ECBC5A5A3BEB,2014-09-12 11:15:07.263
583,NULL,1796,4,AW00000583,16ACF91D-EF89-41CC-86CE-72A39B05E97D,2014-09-12 11:15:07.263
584,NULL,884,5,AW00000584,DD422718-245E-4667-9632-40DB67FA70AE,2014-09-12 11:15:07.263
585,NULL,292,5,AW00000585,E50EF6BD-5176-476C-92DF-57F22508D085,2014-09-12 11:15:07.263
586,NULL,1798,6,AW00000586,A99CAE9B-1011-4551-976C-EC06A5EDF5D7,2014-09-12 11:15:07.263
587,NULL,886,6,AW00000587,D4D20D5D-C11E-41D9-8FB7-11CC69AA3FE4,2014-09-12 11:15:07.263
588,NULL,668,6,AW00000588,41DDDC8E-86E3-4073-9868-25DCF32918B3,2014-09-12 11:15:07.263
589,NULL,1800,7,AW00000589,412D4BA0-0A0B-4228-BCB8-7682E52D0BAA,2014-09-12 11:15:07.263
590,NULL,888,8,AW00000590,00648DE8-62F2-46E2-AF4B-FB23D0D90642,2014-09-12 11:15:07.263
591,NULL,666,9,AW00000591,41DA486F-2232-4B7C-B54A-1FBF4C5299D5,2014-09-12 11:15:07.263
592,NULL,1802,10,AW00000592,13F01A4D-69BE-4DC7-9BFC-2339B0011D37,2014-09-12 11:15:07.263
593,NULL,890,2,AW00000593,7BCA67B7-833D-40C4-84D9-2E0FEEB6726A,2014-09-12 11:15:07.263
594,NULL,664,2,AW00000594,147692E6-80FE-492F-97F6-51D9C5AA0C36,2014-09-12 11:15:07.263
595,NULL,1804,1,AW00000595,9C979E0C-9613-4D25-A2FB-F11DB162FE11,2014-09-12 11:15:07.263
596,NULL,892,1,AW00000596,45E57628-05C0-4CF7-B920-446DB8449713,2014-09-12 11:15:07.263
597,NULL,1100,4,AW00000597,544A635A-DBDF-4352-8654-EAC27DC3B3E0,2014-09-12 11:15:07.263
598,NULL,1806,3,AW00000598,677DA2FB-A3EF-4EB3-A520-23AFBBF29226,2014-09-12 11:15:07.263
599,NULL,652,4,AW00000599,3B2D46BA-B6E4-44CB-8148-1217A3CCFA89,2014-09-12 11:15:07.263
600,NULL,1098,4,AW00000600,676F1FB0-E203-4E91-A603-B23A7916A565,2014-09-12 11:15:07.263
601,NULL,1808,1,AW00000601,9B833B71-5745-4582-A38D-8C23A0DD4837,2014-09-12 11:15:07.263
602,NULL,654,5,AW00000602,6417A09C-2E36-4378-B394-1DD9A6B55EE1,2014-09-12 11:15:07.263
603,NULL,1096,5,AW00000603,C9B15EF9-6408-4E15-AD44-987C125CB42A,2014-09-12 11:15:07.263
604,NULL,1810,1,AW00000604,16A45C72-62FB-4A9F-BAE7-BFEA490BD4C4,2014-09-12 11:15:07.263
605,NULL,656,1,AW00000605,0938B90F-1DC9-4F5E-B37D-3DFF2DBCD276,2014-09-12 11:15:07.263
606,NULL,1094,3,AW00000606,EFB59C1A-467F-4946-BCE9-72EA3E3E2236,2014-09-12 11:15:07.263
607,NULL,1812,4,AW00000607,0592BD1D-8A90-4BBC-A5FA-5B10B60B6A3F,2014-09-12 11:15:07.263
608,NULL,478,4,AW00000608,2405C543-8822-44AD-98C6-6FB653FD9A07,2014-09-12 11:15:07.263
609,NULL,1092,4,AW00000609,907AF75B-4DBD-4E50-A0C8-3205595987B4,2014-09-12 11:15:07.263
610,NULL,1814,4,AW00000610,383EBD5E-A839-4FC1-95BF-C40FF1245204,2014-09-12 11:15:07.263
611,NULL,480,5,AW00000611,778678CF-63D6-40CF-BF2D-86D351C0CA9C,2014-09-12 11:15:07.263
612,NULL,1090,5,AW00000612,B0EA749C-E28D-409B-B2A2-9409CCF9BFC2,2014-09-12 11:15:07.263
613,NULL,1816,6,AW00000613,05B7B25A-0E97-4F07-9A87-0627F354A45F,2014-09-12 11:15:07.263
614,NULL,482,7,AW00000614,E3EE0533-73C5-4C04-9A57-A18ACB731D4F,2014-09-12 11:15:07.263
615,NULL,1088,8,AW00000615,02920412-A161-419A-859D-8BAFF2EB1386,2014-09-12 11:15:07.263
616,NULL,1818,9,AW00000616,B978D534-47E9-4386-80AD-1BF256B8FEFE,2014-09-12 11:15:07.263
617,NULL,1122,10,AW00000617,44F580C3-4D01-41C8-964D-24DE6CBE51FC,2014-09-12 11:15:07.263
618,NULL,1086,2,AW00000618,8EE36249-427E-4C11-B909-0A16BF80FBCF,2014-09-12 11:15:07.263
619,NULL,1820,2,AW00000619,D042FF4C-898D-4F53-B14F-1CD6F7F00D6D,2014-09-12 11:15:07.263
620,NULL,1124,1,AW00000620,401C7B5F-4FF0-4E29-9102-319CB883C11D,2014-09-12 11:15:07.263
621,NULL,1084,1,AW00000621,A8ACF94D-2B05-4EF4-96EA-87B3466619C5,2014-09-12 11:15:07.263
622,NULL,1822,3,AW00000622,E9A23E4B-7EFE-43AD-9B10-789511309827,2014-09-12 11:15:07.263
623,NULL,1126,3,AW00000623,9DEF17D4-B251-405F-A854-70A33DEBBBE9,2014-09-12 11:15:07.263
624,NULL,1082,4,AW00000624,EB4B75A2-CA46-4B7D-BCBB-EAA8D41E8659,2014-09-12 11:15:07.263
625,NULL,1824,4,AW00000625,8E200319-3DBD-43A6-8AAA-82D7866314A9,2014-09-12 11:15:07.263
626,NULL,1128,1,AW00000626,03363CF0-DF23-4060-B0E1-E023CDF7BE08,2014-09-12 11:15:07.263
627,NULL,1080,5,AW00000627,BA3634D3-E69C-4DD5-8DE7-990A163A433B,2014-09-12 11:15:07.263
628,NULL,1826,5,AW00000628,AF7D3E65-4616-413E-9653-04C8AFCC4613,2014-09-12 11:15:07.263
629,NULL,1130,6,AW00000629,2B7A6FF6-7BD4-4E4E-896C-42A76AC54270,2014-09-12 11:15:07.263
630,NULL,1078,6,AW00000630,05B08B9B-B1EA-469E-B314-C43E5A3EFE1A,2014-09-12 11:15:07.263
631,NULL,1364,6,AW00000631,FB9DC661-95E0-4E69-9AF7-4122CB8AA87A,2014-09-12 11:15:07.263
632,NULL,1958,7,AW00000632,68ADCE22-0F2E-4D7D-9B70-6A59A68A494C,2014-09-12 11:15:07.263
633,NULL,1076,8,AW00000633,D40F6A52-5E98-407B-8630-D54F13C46DEC,2014-09-12 11:15:07.263
634,NULL,1366,9,AW00000634,C2C156F1-4096-47C4-9979-BAAC98AFE790,2014-09-12 11:15:07.263
635,NULL,1960,10,AW00000635,7F84FF66-311C-4396-A5BA-D2470EAADA21,2014-09-12 11:15:07.263
636,NULL,1074,2,AW00000636,DB14028F-1C36-4F29-A2F9-1F1986C38776,2014-09-12 11:15:07.263
637,NULL,1368,6,AW00000637,65C25750-C07B-431C-9519-BBCAA7AA6B34,2014-09-12 11:15:07.263
638,NULL,1962,7,AW00000638,44C8B67B-30E5-4B4E-9BC0-C3884877D47B,2014-09-12 11:15:07.263
639,NULL,1072,8,AW00000639,444348EF-7B08-4AC7-924C-1BAFF2A83B4D,2014-09-12 11:15:07.263
640,NULL,1370,9,AW00000640,8AB2C195-E95A-45DE-B0D1-02F13D20D0B0,2014-09-12 11:15:07.263
641,NULL,1964,10,AW00000641,321EBC1B-7B5A-449C-8288-26AD3A2D1CAA,2014-09-12 11:15:07.263
642,NULL,1070,2,AW00000642,B63BB804-B28A-4948-B3C5-557D548BB1DD,2014-09-12 11:15:07.263
643,NULL,1372,3,AW00000643,A7B5B085-69A9-47D6-BD8C-262910496BBF,2014-09-12 11:15:07.263
644,NULL,1966,1,AW00000644,9CCD22E6-5ACF-4378-BA69-1FE722239354,2014-09-12 11:15:07.263
645,NULL,1068,1,AW00000645,6AA86A45-3E16-4C00-AB99-1E429A1C4026,2014-09-12 11:15:07.263
646,NULL,1374,3,AW00000646,78D632CB-9993-46AC-AA5C-45B2F807F681,2014-09-12 11:15:07.263
647,NULL,1968,4,AW00000647,F36E88F4-27E1-4636-9BD4-24DAF44C4141,2014-09-12 11:15:07.263
648,NULL,1066,4,AW00000648,A47D117D-1878-4160-8A37-0B1581D441D6,2014-09-12 11:15:07.263
649,NULL,1376,4,AW00000649,6E4F5184-9CA2-4009-A867-331DB4B4628A,2014-09-12 11:15:07.263
650,NULL,1970,1,AW00000650,D903D48A-5B03-472E-B802-8500A3C81305,2014-09-12 11:15:07.263
651,NULL,1064,5,AW00000651,7F19DB94-95F5-4565-87EC-14D04A27D35F,2014-09-12 11:15:07.263
652,NULL,1378,5,AW00000652,AB7CFE0E-3D01-4EAC-A5F8-5E12B9E65984,2014-09-12 11:15:07.263
653,NULL,1972,6,AW00000653,8BDB709B-17BF-4604-A512-26DCE6EF0443,2014-09-12 11:15:07.263
654,NULL,1062,6,AW00000654,1A357CAC-E4F2-4880-BE31-487D92071128,2014-09-12 11:15:07.263
655,NULL,1060,6,AW00000655,35645D53-FF5D-4A0E-9F3A-8024A0D90726,2014-09-12 11:15:07.263
656,NULL,1380,7,AW00000656,71EB335F-005C-4539-8718-FB1C257BC9EF,2014-09-12 11:15:07.263
657,NULL,1974,8,AW00000657,A4023D53-C9D5-4BCE-A366-7B185DA6A92F,2014-09-12 11:15:07.263
658,NULL,1058,9,AW00000658,226F159E-8716-4B8B-B058-A53E81118822,2014-09-12 11:15:07.263
659,NULL,1382,10,AW00000659,A2098F7B-3D3A-4894-90D7-C79C118845D5,2014-09-12 11:15:07.263
660,NULL,1976,3,AW00000660,9B35A7E0-C72F-4C28-9EF9-9A8124DF7215,2014-09-12 11:15:07.263
661,NULL,1056,6,AW00000661,AC14C556-2FCC-4578-AD66-D2F31FCA6C51,2014-09-12 11:15:07.263
662,NULL,1384,7,AW00000662,6712FF8A-6C37-4331-A4ED-19E2035AB0E5,2014-09-12 11:15:07.263
663,NULL,420,8,AW00000663,C9CF0F86-EFAC-4291-94F2-55BB3D779C43,2014-09-12 11:15:07.263
664,NULL,1054,9,AW00000664,5463F242-1CB0-42ED-B5F7-0C22B9929096,2014-09-12 11:15:07.263
665,NULL,1386,10,AW00000665,1FBCCC49-197B-4A5F-9AAD-42B8AE9EE999,2014-09-12 11:15:07.263
666,NULL,422,2,AW00000666,122555B3-7DE3-4960-A9A3-0D19392E54F3,2014-09-12 11:15:07.263
667,NULL,1052,2,AW00000667,5F6D21D3-E8D9-4D8A-8BF1-F52F660252D1,2014-09-12 11:15:07.263
668,NULL,1388,1,AW00000668,91A24A87-81CE-4BDB-B233-0CC9936CCB5A,2014-09-12 11:15:07.263
669,NULL,822,1,AW00000669,C8D30FD5-43D3-4D5C-B54E-3561113CAF43,2014-09-12 11:15:07.263
670,NULL,1050,3,AW00000670,F1D69FBE-3932-4B31-A092-6C778D9CD194,2014-09-12 11:15:07.263
671,NULL,1390,4,AW00000671,BF1718C1-A06B-49D9-AFFA-B445E82B2B9A,2014-09-12 11:15:07.263
672,NULL,824,1,AW00000672,6C3F1514-0E59-467C-AD84-1FCAB936E521,2014-09-12 11:15:07.263
673,NULL,1048,1,AW00000673,45CF2A2C-3D06-45F4-9009-FCD4ABC19427,2014-09-12 11:15:07.263
674,NULL,1392,4,AW00000674,821FF209-815B-4EAA-806F-9106F3FE9424,2014-09-12 11:15:07.263
675,NULL,826,5,AW00000675,203F7C3A-5BB6-4B58-BABF-7EF30292C4F6,2014-09-12 11:15:07.263
676,NULL,1046,5,AW00000676,2AA331A0-6448-4EA9-9A92-0EBF254BDCD3,2014-09-12 11:15:07.263
677,NULL,1394,6,AW00000677,143625ED-18D6-43ED-A1C9-BA18BB5F80C9,2014-09-12 11:15:07.263
678,NULL,828,6,AW00000678,9AE2B1F8-8F7D-4439-99FE-2B67E38DE4EE,2014-09-12 11:15:07.263
679,NULL,1044,6,AW00000679,DAFE6766-1849-4209-9379-4EAE7A05B932,2014-09-12 11:15:07.263
680,NULL,1396,7,AW00000680,9E10D007-B1C1-486F-90CD-4D24BC2396BD,2014-09-12 11:15:07.263
681,NULL,830,8,AW00000681,3B3A9B99-9931-43DE-8D4E-713853DD764F,2014-09-12 11:15:07.263
682,NULL,1042,9,AW00000682,2F4B1557-8A9A-45F4-BE71-962878E5B360,2014-09-12 11:15:07.263
683,NULL,1398,10,AW00000683,243EF1F5-74D0-4E3C-9B0D-C7AA926F3D64,2014-09-12 11:15:07.263
684,NULL,832,2,AW00000684,673881BF-EB36-4E92-BA45-1F109CFDCCBD,2014-09-12 11:15:07.263
685,NULL,1040,6,AW00000685,8559A2D6-B981-41B4-85F9-5507BFF4DD6E,2014-09-12 11:15:07.263
686,NULL,1400,7,AW00000686,E3540D69-58E5-4171-800B-44B6253EF411,2014-09-12 11:15:07.263
687,NULL,834,8,AW00000687,360F6A77-2B9B-4863-8C55-8F570F525092,2014-09-12 11:15:07.263
688,NULL,1038,9,AW00000688,FF416568-8635-4C21-B8A0-82494C57F1E2,2014-09-12 11:15:07.263
689,NULL,1402,10,AW00000689,AF583E23-093C-4232-B886-A1EE64BCD3C9,2014-09-12 11:15:07.263
690,NULL,836,2,AW00000690,BE9D4CD7-A224-48A1-B599-720B07043949,2014-09-12 11:15:07.263
691,NULL,1036,2,AW00000691,6C7F3484-142C-425A-A0F9-BA2201079A5C,2014-09-12 11:15:07.263
692,NULL,802,1,AW00000692,9EE96279-78D5-49B7-AC4A-1C43CFB80249,2014-09-12 11:15:07.263
693,NULL,838,1,AW00000693,3B38D4CB-9573-4686-A202-9179DBEFC7B8,2014-09-12 11:15:07.263
694,NULL,1034,3,AW00000694,D3E874DC-A10C-4055-B943-9DBD5CFE8C89,2014-09-12 11:15:07.263
695,NULL,638,3,AW00000695,77A62D9C-4ED6-4266-AE35-40CC330ACC5E,2014-09-12 11:15:07.263
696,NULL,840,1,AW00000696,A0140DD4-4D10-4091-9D89-95873DAE9BB7,2014-09-12 11:15:07.263
697,NULL,1032,1,AW00000697,B30CE5B4-BBFA-4A57-B5C2-EED1EF13E0BE,2014-09-12 11:15:07.263
698,NULL,640,1,AW00000698,6BC4FF5A-0696-4C2A-88F9-08D1DBA91B74,2014-09-12 11:15:07.263
699,NULL,842,5,AW00000699,38A528AA-0402-4ED9-ABBB-983BCEB37D40,2014-09-12 11:15:07.263
700,NULL,1030,5,AW00000700,540FB57F-F81A-4794-8E9A-C071C4F0BC18,2014-09-12 11:15:07.263
701,NULL,844,6,AW00000701,61AE9625-8BD8-48B7-B171-8A90CBBA494C,2014-09-12 11:15:07.263
11000,13531,NULL,9,AW00011000,477586B3-2977-4E54-B1A8-569AB2C7C4D4,2014-09-12 11:15:07.263
11001,5454,NULL,9,AW00011001,C32A8084-9077-4F13-9738-1E2DA7C1DCD9,2014-09-12 11:15:07.263
11002,11269,NULL,9,AW00011002,45715DD8-2F57-4A39-BEB4-6A8F99D59794,2014-09-12 11:15:07.263
11003,11358,NULL,9,AW00011003,7E240EFC-7EE6-4814-93A8-269821157E18,2014-09-12 11:15:07.263
11004,11901,NULL,9,AW00011004,61CCB4D0-2328-4BBB-AEF9-E7E0B0FDD67A,2014-09-12 11:15:07.263
11005,6990,NULL,9,AW00011005,C3057568-1851-4728-AEAE-65683458F474,2014-09-12 11:15:07.263
11006,6229,NULL,9,AW00011006,5FDD038A-9B9C-4CD5-ACA6-DE2778A79EE9,2014-09-12 11:15:07.263
11007,3878,NULL,9,AW00011007,AF6B5314-8FEE-4464-984B-0D2BA9B369D0,2014-09-12 11:15:07.263
11008,14673,NULL,9,AW00011008,D7E429F4-6E67-48AC-BBF9-45ECB5EC0F28,2014-09-12 11:15:07.263
11009,20229,NULL,9,AW00011009,AA4FC27F-B78C-4223-BDBA-CFD3E3DF8884,2014-09-12 11:15:07.263
11010,6377,NULL,9,AW00011010,13EB4393-A5CC-4481-B8FD-E47118445FA6,2014-09-12 11:15:07.263
11011,18258,NULL,9,AW00011011,7E72D957-CA34-4AEB-9213-1302D24A949F,2014-09-12 11:15:07.263
11012,11663,NULL,1,AW00011012,2FC32AD9-A7E0-4505-9BA8-E5D2FB46AE4D,2014-09-12 11:15:07.263
11013,13873,NULL,1,AW00011013,02D51F2D-A991-4C17-8139-B14D84C317AA,2014-09-12 11:15:07.263
11014,2868,NULL,1,AW00011014,4272BECD-8F4F-4776-B45E-432967565198,2014-09-12 11:15:07.263
11015,10963,NULL,4,AW00011015,F791BD74-EB82-4631-B9FC-F9FEE621FD13,2014-09-12 11:15:07.263
11016,3800,NULL,4,AW00011016,023843CA-25FB-42BF-AC37-FAF6F4120DAC,2014-09-12 11:15:07.263
11017,2521,NULL,9,AW00011017,BEEB1F0C-84B2-4B63-AE28-B7D02F10924E,2014-09-12 11:15:07.263
11018,7394,NULL,9,AW00011018,4400EE2F-3B7E-480C-B02B-CFFBF4AAB6EC,2014-09-12 11:15:07.263
11019,5132,NULL,6,AW00011019,794FAD9A-063A-4C68-9BB0-FC956039CC66,2014-09-12 11:15:07.263
11020,17128,NULL,6,AW00011020,64AF6F89-C0CE-4B1C-8BBA-8C605EFD5712,2014-09-12 11:15:07.263
11021,11489,NULL,1,AW00011021,12CE448E-038F-4C54-A3F7-C9F0DC9EE66D,2014-09-12 11:15:07.263
11022,6522,NULL,1,AW00011022,25D8CC95-225B-41B3-A666-457C80245126,2014-09-12 11:15:07.263
11023,4373,NULL,4,AW00011023,A2833BD8-44A8-4665-808E-33E19ECD7F54,2014-09-12 11:15:07.263
11024,16843,NULL,4,AW00011024,EE8EEBF8-117C-4027-873D-6113B0E97489,2014-09-12 11:15:07.263
11025,12565,NULL,9,AW00011025,379AB480-4D1A-4A41-B0FC-EB6F9CCB69CE,2014-09-12 11:15:07.263
11026,2857,NULL,9,AW00011026,E0834203-936E-4403-A732-3213D27EA4C7,2014-09-12 11:15:07.263
11027,5526,NULL,9,AW00011027,E7368285-FAD6-4D30-B4E4-1640714C887E,2014-09-12 11:15:07.263
11028,15088,NULL,9,AW00011028,285348ED-BB45-47A4-8E24-01AFC59E582D,2014-09-12 11:15:07.263
11029,15638,NULL,9,AW00011029,F5E08136-6EC8-4E36-B847-1C28E252073A,2014-09-12 11:15:07.263
11030,17272,NULL,9,AW00011030,C3024273-59F4-4EFD-8ED9-71CAC3047BCB,2014-09-12 11:15:07.263
11031,13917,NULL,9,AW00011031,0B39FD05-F72A-40D6-96EB-1CDC0F40E554,2014-09-12 11:15:07.263
11032,16240,NULL,9,AW00011032,B99E8C9C-40C2-4F71-B1F8-C7257F747022,2014-09-12 11:15:07.263
11033,9475,NULL,9,AW00011033,D53773F1-4A6D-4976-9579-B7276371C356,2014-09-12 11:15:07.263
11034,9657,NULL,9,AW00011034,FF1C2D92-9767-4BB4-908E-B64996816B8F,2014-09-12 11:15:07.263
11035,13948,NULL,9,AW00011035,064D6203-B7DD-4876-9E19-E1D1F0A84C09,2014-09-12 11:15:07.263
11036,20539,NULL,4,AW00011036,2E40BEAF-4A55-4E4D-A87D-009CC27D4378,2014-09-12 11:15:07.263
11037,11014,NULL,6,AW00011037,08E861E0-7EE8-4E09-BB02-D766B4480608,2014-09-12 11:15:07.263
11038,18643,NULL,9,AW00011038,CA85BEF7-BC8E-41BA-B8C7-0DD06DB5D55A,2014-09-12 11:15:07.263
11039,15676,NULL,9,AW00011039,6BD36822-5F3A-4094-BEF7-238FF4B7BD09,2014-09-12 11:15:07.263
11040,15080,NULL,1,AW00011040,EFC21923-9D03-4E94-A18A-7100CC2453F4,2014-09-12 11:15:07.263
11041,9940,NULL,4,AW00011041,29D5478F-D80D-4EBA-B28A-DDE2B25BE2A6,2014-09-12 11:15:07.263
11042,19075,NULL,4,AW00011042,3DD544EB-B89B-476E-B27B-B295CA8BD496,2014-09-12 11:15:07.263
11043,5960,NULL,4,AW00011043,8AC7779C-C7DA-4E4A-8F56-24282EAA2C6A,2014-09-12 11:15:07.263
11044,5244,NULL,9,AW00011044,F7691B2E-2209-4649-A3DC-2BC9A77349EA,2014-09-12 11:15:07.263
11045,5225,NULL,9,AW00011045,EE86DE3E-FC4E-499A-BE1E-53C3C25427F1,2014-09-12 11:15:07.263
11046,19870,NULL,9,AW00011046,3903B00B-9211-4BE0-83D5-8EC81DB91978,2014-09-12 11:15:07.263
11047,12928,NULL,9,AW00011047,8F13743A-DAAC-49AC-93F1-81A18E8A3C45,2014-09-12 11:15:07.263
11048,13513,NULL,9,AW00011048,47466437-BAFF-4FDB-9CB3-43CD63C44090,2014-09-12 11:15:07.263
11049,8749,NULL,4,AW00011049,F00281D9-BF3E-4776-B4E6-CBE3166D3610,2014-09-12 11:15:07.263
11050,17337,NULL,9,AW00011050,0CC04139-C798-44E8-8925-68AAA2EB6BCF,2014-09-12 11:15:07.263
11051,18655,NULL,9,AW00011051,BAC01663-677F-4EE2-BECB-B993F3014DAD,2014-09-12 11:15:07.263
11052,15276,NULL,9,AW00011052,00D626D5-0CB2-4EF9-9BBE-72DD461B8DBB,2014-09-12 11:15:07.263
11053,7430,NULL,4,AW00011053,1264C3BD-3A2E-434B-92E0-81ADA7755673,2014-09-12 11:15:07.263
11054,9790,NULL,9,AW00011054,CFA862AB-059F-469A-B5C4-79316EBB12AA,2014-09-12 11:15:07.263
11055,9489,NULL,9,AW00011055,2144E3B6-1A61-40B3-8F15-ADAB24A50672,2014-09-12 11:15:07.263
11056,8428,NULL,9,AW00011056,B1D5E176-89A5-4BD9-AB70-7383F59942F6,2014-09-12 11:15:07.263
11057,16962,NULL,9,AW00011057,9CFB6105-3600-429B-94D3-B43B3B8C17E2,2014-09-12 11:15:07.263
11058,15681,NULL,9,AW00011058,373A05A2-0FC7-4EEC-A424-13580486B3DB,2014-09-12 11:15:07.263
11059,8960,NULL,9,AW00011059,CD00FB6E-F051-4B9C-B146-0C56F948F9B0,2014-09-12 11:15:07.263
11060,13542,NULL,9,AW00011060,DA28E6A2-4F81-431A-B962-70D20B0E2488,2014-09-12 11:15:07.263
11061,18220,NULL,9,AW00011061,6941B86B-CD2E-4E0A-9020-BF1B2C53D3EB,2014-09-12 11:15:07.263
11062,6096,NULL,1,AW00011062,7876D82C-9CED-4334-826E-9A911CCA9507,2014-09-12 11:15:07.263
11063,8821,NULL,1,AW00011063,5ADAB70B-F46C-46E0-8DEF-C888BCC6FAEE,2014-09-12 11:15:07.263
11064,15436,NULL,4,AW00011064,75B5807F-B282-4500-85CC-F96895ADEB40,2014-09-12 11:15:07.263
11065,3510,NULL,4,AW00011065,253EE85E-A5EB-49A5-A490-45CA22F02643,2014-09-12 11:15:07.263
11066,19662,NULL,1,AW00011066,22A33534-822C-4D8E-AD54-FCE02E94465B,2014-09-12 11:15:07.263
11067,16424,NULL,1,AW00011067,CB56B16E-70DF-40FC-A8D4-7969A307933E,2014-09-12 11:15:07.263
11068,2676,NULL,9,AW00011068,23A9567A-6EC9-49AC-94D0-BE7807E0128E,2014-09-12 11:15:07.263
11069,10008,NULL,9,AW00011069,E7A66F60-AB99-431D-A66B-267A85D51520,2014-09-12 11:15:07.263
11070,13417,NULL,9,AW00011070,C74BF39A-DB2D-4D88-9DD2-04D1B993075F,2014-09-12 11:15:07.263
11071,13827,NULL,9,AW00011071,30E32FBD-FBC2-46EA-8535-C71EE1571604,2014-09-12 11:15:07.263
11072,16284,NULL,9,AW00011072,AB4719BF-5D30-4A5E-89DB-CF04632D645B,2014-09-12 11:15:07.263
11073,20712,NULL,9,AW00011073,41B52CE5-5734-4556-8540-51FB9957A9AD,2014-09-12 11:15:07.263
11074,7914,NULL,9,AW00011074,DFD70F77-99C7-4D4D-B176-CFBB57A1044D,2014-09-12 11:15:07.263
11075,14267,NULL,9,AW00011075,0771C4AC-3393-45C9-BCAA-3CB64322BEDB,2014-09-12 11:15:07.263
11076,4157,NULL,9,AW00011076,EF4A862E-2FB9-46A0-84FB-D10DF2ACB92E,2014-09-12 11:15:07.263
11077,17455,NULL,9,AW00011077,6D7E8F4B-DA6C-47CC-95C1-A0FAC94AF1A4,2014-09-12 11:15:07.263
11078,15039,NULL,6,AW00011078,1AC61514-D3C9-4272-A9BD-FBAB52014150,2014-09-12 11:15:07.263
11079,20058,NULL,9,AW00011079,D1FDA7E1-B46D-421E-9898-4E54633BD269,2014-09-12 11:15:07.263
11080,14268,NULL,9,AW00011080,232AF4C6-2995-4E5E-88E2-2AFDA2F9E969,2014-09-12 11:15:07.263
11081,10369,NULL,4,AW00011081,EC76B3BE-C08A-41F6-8A26-6603625CE2EE,2014-09-12 11:15:07.263
11082,7672,NULL,4,AW00011082,114BC13B-09AE-4EE6-8551-3A3DAB78CCBC,2014-09-12 11:15:07.263
11083,20135,NULL,4,AW00011083,1F94DC32-8D2F-4DAA-8845-E4F2551A4F67,2014-09-12 11:15:07.263
11084,4281,NULL,1,AW00011084,C6A0A93D-ACD5-457A-82D0-C6D48BA1916C,2014-09-12 11:15:07.263
11085,12219,NULL,4,AW00011085,A7C535EA-9948-4AFE-AEB4-921A8CF8F427,2014-09-12 11:15:07.263
11086,17979,NULL,4,AW00011086,281B0AD7-8E06-4405-8346-65EAAEFF5489,2014-09-12 11:15:07.263
11087,11871,NULL,4,AW00011087,9F25228F-3C0D-4FE4-98E6-31C87BF08443,2014-09-12 11:15:07.263
11088,17897,NULL,4,AW00011088,1591BF76-D1B7-4B3C-85CC-54E492A2AED9,2014-09-12 11:15:07.263
11089,3950,NULL,4,AW00011089,D0CC40A9-62AF-4CE3-8798-115AA959D406,2014-09-12 11:15:07.263
11090,12846,NULL,4,AW00011090,267B777D-7E62-42EE-BF32-24FD1DF21876,2014-09-12 11:15:07.263
11091,4515,NULL,6,AW00011091,1B0B673B-4623-4A49-99BD-1A6577EFDA28,2014-09-12 11:15:07.263
11092,6174,NULL,9,AW00011092,85E8A779-08AE-4268-8BEC-87249AF5BB13,2014-09-12 11:15:07.263
11093,5827,NULL,9,AW00011093,ACBF47BC-662B-48FE-9A67-AE2D3E7FA093,2014-09-12 11:15:07.263
11094,3504,NULL,9,AW00011094,AFFB72A8-6585-428A-A312-BA2888755A2D,2014-09-12 11:15:07.263
11095,20332,NULL,9,AW00011095,AAA340F3-C61C-4DBA-91BD-F6CF3858DBC5,2014-09-12 11:15:07.263
11096,5114,NULL,9,AW00011096,C85A309F-5EC7-4E3B-B48C-7F9995B3086F,2014-09-12 11:15:07.263
11097,13205,NULL,9,AW00011097,0140EEC0-0441-471D-AA89-D29154A4D9BC,2014-09-12 11:15:07.263
11098,5986,NULL,9,AW00011098,AF4C1E1B-31C7-4D33-A997-84D79F132EFA,2014-09-12 11:15:07.263
11099,5231,NULL,9,AW00011099,B06557E9-390D-457E-9661-B79F8F972D1E,2014-09-12 11:15:07.263
11100,6138,NULL,9,AW00011100,F36988B9-CCF4-4CBC-A8D8-E996A570AED9,2014-09-12 11:15:07.263
11101,17810,NULL,9,AW00011101,8C4D6959-277A-46F4-A4D2-D254A8202BA2,2014-09-12 11:15:07.263
11102,9866,NULL,9,AW00011102,2D193429-E624-49BC-95A2-CADE7EFF6A59,2014-09-12 11:15:07.263
11103,8905,NULL,9,AW00011103,A482D6ED-7177-4DD7-9808-A52E71E94570,2014-09-12 11:15:07.263
11104,8139,NULL,9,AW00011104,9241E404-EFDC-4E01-A6C0-2CF667A9AB2D,2014-09-12 11:15:07.263
11105,15430,NULL,9,AW00011105,9DC573C2-6B77-4B07-B386-74F0708B7C14,2014-09-12 11:15:07.263
11106,5510,NULL,9,AW00011106,78FE7EB6-D1A4-46A2-8FD7-D389B923209E,2014-09-12 11:15:07.263
11107,4781,NULL,9,AW00011107,F2F37D5B-0E21-4786-83B2-EDBF1983BA4C,2014-09-12 11:15:07.263
11108,10536,NULL,9,AW00011108,1FE196D3-CE57-45B4-9FBA-E836F1B42A32,2014-09-12 11:15:07.263
11109,11186,NULL,9,AW00011109,6A4FBB68-0869-4EB2-BC87-EA1680377E5E,2014-09-12 11:15:07.263
11110,18247,NULL,9,AW00011110,F7B2358E-A22C-4C6E-9676-1B49BC79505D,2014-09-12 11:15:07.263
11111,10647,NULL,9,AW00011111,57F03D9C-EBC9-48D9-A120-69EF65D5F461,2014-09-12 11:15:07.263
11112,20739,NULL,9,AW00011112,1D29BE0A-CCFE-4DCA-9A49-9BC394910234,2014-09-12 11:15:07.263
11113,14592,NULL,9,AW00011113,440D5A76-E1C8-42A0-85C7-CA3387B1F27C,2014-09-12 11:15:07.263
11114,18519,NULL,9,AW00011114,0141BDCC-508B-4319-B183-FF5C8FDF8280,2014-09-12 11:15:07.263
11115,4765,NULL,9,AW00011115,722196B3-8FC2-41EC-9B30-6144020F06A4,2014-09-12 11:15:07.263
11116,14638,NULL,9,AW00011116,016E11E1-D016-4130-BD92-09F41B1FBBB4,2014-09-12 11:15:07.263
11117,20526,NULL,9,AW00011117,0670C832-879B-4C2E-A589-E2744A4200BE,2014-09-12 11:15:07.263
11118,4788,NULL,9,AW00011118,007215C1-7BAC-4168-A270-7FE030F0EB3D,2014-09-12 11:15:07.263
11119,14595,NULL,9,AW00011119,EFEE13A6-9C14-4483-98AD-813BE0D54E73,2014-09-12 11:15:07.263
11120,6073,NULL,9,AW00011120,23D1892E-6E16-442F-892F-98D14772696F,2014-09-12 11:15:07.263
11121,19001,NULL,9,AW00011121,D99C478D-E916-4CB6-BD97-8F6480F97069,2014-09-12 11:15:07.263
11122,19748,NULL,9,AW00011122,1320D507-EF8E-4371-99C3-FE71783E4FC3,2014-09-12 11:15:07.263
11123,19185,NULL,9,AW00011123,E440C90E-360E-4468-8082-08235630480D,2014-09-12 11:15:07.263
11124,11743,NULL,9,AW00011124,1CA41333-A7D9-45CB-B7A9-DD82DE28707A,2014-09-12 11:15:07.263
11125,17820,NULL,9,AW00011125,73C45B55-8AB5-4AAE-80BF-0356896C2F45,2014-09-12 11:15:07.263
11126,17105,NULL,9,AW00011126,8A62C611-387E-405E-8ACF-A8879AB673CF,2014-09-12 11:15:07.263
11127,9367,NULL,4,AW00011127,B4CF8684-97E8-49D4-A243-7170D181F0E2,2014-09-12 11:15:07.263
11128,12533,NULL,1,AW00011128,178C170D-643F-419B-8C4F-C10A75B091FA,2014-09-12 11:15:07.263
11129,10538,NULL,1,AW00011129,4DD69EDB-97FA-4AE6-93C4-CEAB36064FD2,2014-09-12 11:15:07.263
11130,6801,NULL,1,AW00011130,936EA915-F6DB-4511-BABA-07A6E90E7A8E,2014-09-12 11:15:07.263
11131,3003,NULL,6,AW00011131,D3C8A7DB-1052-4975-A505-96486C3933E6,2014-09-12 11:15:07.263
11132,8490,NULL,6,AW00011132,186F5D96-7176-46DF-84B0-B184BBB9A91B,2014-09-12 11:15:07.263
11133,7681,NULL,1,AW00011133,5AE3F497-6CDB-4234-8E85-5E04E0DD907D,2014-09-12 11:15:07.263
11134,18439,NULL,9,AW00011134,595DBC78-AD36-428B-BDD0-BCDC93B4FDFE,2014-09-12 11:15:07.263
11135,4624,NULL,4,AW00011135,3120F812-62C8-4011-B4C8-4BFA6E3AC047,2014-09-12 11:15:07.263
11136,19196,NULL,6,AW00011136,65EDEB34-AC8A-42A2-959A-A07A0A8776C1,2014-09-12 11:15:07.263
11137,11395,NULL,1,AW00011137,E1EAB021-AD25-41BE-9E29-95DB2C894E17,2014-09-12 11:15:07.263
11138,11623,NULL,4,AW00011138,2455FDC7-4D30-4BA1-9263-2E963CBA0B16,2014-09-12 11:15:07.263
11139,14017,NULL,9,AW00011139,7D11B164-2D4B-499E-A3E0-C0250D4FF606,2014-09-12 11:15:07.263
11140,13623,NULL,4,AW00011140,F49DCC7C-F543-4685-BF92-3BEF790C46BF,2014-09-12 11:15:07.263
11141,19930,NULL,4,AW00011141,5E43961D-BE98-4109-A992-14095A3B852D,2014-09-12 11:15:07.263
11142,13742,NULL,6,AW00011142,654800A7-FEB0-44CD-AFB9-BAE5E9B01A0D,2014-09-12 11:15:07.263
11143,6401,NULL,4,AW00011143,7337BCF6-FCC1-409D-9B37-8AB6F5533C1C,2014-09-12 11:15:07.263
11144,4268,NULL,1,AW00011144,4904D406-E2BE-4F9A-A17C-B29FA7B7FF04,2014-09-12 11:15:07.263
11145,19848,NULL,1,AW00011145,B28743C9-39A3-4CB8-97DE-ECCE4EB280D7,2014-09-12 11:15:07.263
11146,3532,NULL,9,AW00011146,255F3782-FD83-491C-9745-E4B15BE78E2A,2014-09-12 11:15:07.263
11147,6463,NULL,9,AW00011147,E36A142C-E1A8-47E8-82C5-174BA3B351B3,2014-09-12 11:15:07.263
11148,11820,NULL,9,AW00011148,C07C2FE1-750C-4398-992D-99CF33908548,2014-09-12 11:15:07.263
11149,6747,NULL,9,AW00011149,F46991DB-7958-46E7-B49E-109BC51B5FEC,2014-09-12 11:15:07.263
11150,16842,NULL,9,AW00011150,5B0EAD90-2038-4F92-A832-02C6B70816EE,2014-09-12 11:15:07.263
11151,14076,NULL,9,AW00011151,FF4A8DBF-660D-4C56-9CB4-84052C76B1ED,2014-09-12 11:15:07.263
11152,17585,NULL,1,AW00011152,5FF2B0F5-9765-4B48-BB05-561491D4EEEF,2014-09-12 11:15:07.263
11153,8391,NULL,1,AW00011153,33B253DC-B93B-4261-97C3-13D91A74C925,2014-09-12 11:15:07.263
11154,11703,NULL,1,AW00011154,CCEAC7B8-4ABC-46EB-B9A6-D5641FBF37B7,2014-09-12 11:15:07.263
11155,17211,NULL,4,AW00011155,2A172AD8-18F8-4488-BFB1-D2C1DB5C5B2B,2014-09-12 11:15:07.263
11156,9548,NULL,4,AW00011156,EF980B59-0054-48C9-B657-6D660BF362FC,2014-09-12 11:15:07.263
11157,13038,NULL,1,AW00011157,AC60AB6E-6A1E-4881-80E5-935CD01E927F,2014-09-12 11:15:07.263
11158,17031,NULL,4,AW00011158,172BD46E-7D8B-4560-97F5-93B4C5D7D31D,2014-09-12 11:15:07.263
11159,19259,NULL,4,AW00011159,FD88C5C8-A30D-4602-9F84-BF2F54C1D1CF,2014-09-12 11:15:07.263
11160,9050,NULL,4,AW00011160,314367C1-426F-492E-A4F6-23F0148789CB,2014-09-12 11:15:07.263
11161,12985,NULL,4,AW00011161,86726B97-A63D-46E4-8314-A6CB220A399C,2014-09-12 11:15:07.263
11162,14792,NULL,4,AW00011162,8D897933-235E-4797-8ED7-6953EC9E06EE,2014-09-12 11:15:07.263
11163,5872,NULL,4,AW00011163,86997CF3-1AED-46B0-BBE5-EC72A516763C,2014-09-12 11:15:07.263
11164,14151,NULL,4,AW00011164,B77765B0-EA13-40B8-923D-E3B7786C5159,2014-09-12 11:15:07.263
11165,7251,NULL,4,AW00011165,2157E3B6-9F36-4A99-9C47-B5FCEDED4E16,2014-09-12 11:15:07.263
11166,12441,NULL,1,AW00011166,CA7E2C72-5F99-4D6D-A491-2A7FD760995B,2014-09-12 11:15:07.263
11167,19844,NULL,1,AW00011167,20EFA56F-E8B7-4700-ACBE-B84E5C4B42B5,2014-09-12 11:15:07.263
11168,18143,NULL,4,AW00011168,5E96EA47-3895-49F4-BBDD-1170DC3D9311,2014-09-12 11:15:07.263
11169,14713,NULL,4,AW00011169,45FEA86E-BC73-4CAF-A9DE-D6B1C74C764D,2014-09-12 11:15:07.263
11170,3164,NULL,1,AW00011170,22913E1D-E16C-4FC5-A435-D6DCE946AA6A,2014-09-12 11:15:07.263
11171,16623,NULL,4,AW00011171,CB3E5B8B-2A5D-4F3E-B438-A52863394471,2014-09-12 11:15:07.263
11172,10282,NULL,1,AW00011172,E78EA518-D4A9-4A51-9223-204103F7B4E1,2014-09-12 11:15:07.263
11173,12474,NULL,1,AW00011173,618B8371-A706-4E2F-B591-92A94374E3F0,2014-09-12 11:15:07.263
11174,19012,NULL,4,AW00011174,61E5207C-20CE-4ACC-A296-51B952F0CB18,2014-09-12 11:15:07.263
11175,5468,NULL,4,AW00011175,836EFA07-4C07-418A-A99C-18F78DCF6D06,2014-09-12 11:15:07.263
11176,15994,NULL,6,AW00011176,3464757C-E9D8-42B0-888B-5C316C8633F3,2014-09-12 11:15:07.263
11177,5651,NULL,4,AW00011177,04D9AD85-7194-4E5F-89C3-1BD801761603,2014-09-12 11:15:07.263
11178,17696,NULL,4,AW00011178,0BCE9AD6-6BD5-4ED5-83F2-500B0C789E33,2014-09-12 11:15:07.263
11179,16169,NULL,4,AW00011179,5AF35A8D-2F4E-4F49-8395-CCD31A7BB229,2014-09-12 11:15:07.263
11180,20564,NULL,4,AW00011180,52A330E9-7561-4485-A79B-CBFFA2097C4A,2014-09-12 11:15:07.263
11181,4935,NULL,4,AW00011181,318CDA27-DF61-4E21-A4C2-C2B7DA0D987C,2014-09-12 11:15:07.263
11182,3087,NULL,1,AW00011182,C8417277-861E-45EB-8C8B-940753CA9D90,2014-09-12 11:15:07.263
11183,11425,NULL,4,AW00011183,D100E1D7-5829-4C0A-828A-B04FCD399219,2014-09-12 11:15:07.263
11184,18783,NULL,4,AW00011184,0FF55283-CE4B-4666-A64E-071EF84744EC,2014-09-12 11:15:07.263
11185,12569,NULL,6,AW00011185,9722C311-829B-4DF5-8FD3-D2742C097B6D,2014-09-12 11:15:07.263
11186,12608,NULL,4,AW00011186,B51032E3-2623-4FDD-8F81-5A8680A2D9B0,2014-09-12 11:15:07.263
11187,20457,NULL,1,AW00011187,A52B436A-1532-4385-986F-66BE0836AD54,2014-09-12 11:15:07.263
11188,9002,NULL,4,AW00011188,8AF7C9C8-B802-419F-B073-171BDB5374DC,2014-09-12 11:15:07.263
11189,14459,NULL,1,AW00011189,579DFF3E-C102-4A2B-AB47-705060610E3F,2014-09-12 11:15:07.263
11190,13265,NULL,4,AW00011190,F8A4570B-9143-431D-B3F1-ABAD5089FD30,2014-09-12 11:15:07.263
11191,10722,NULL,4,AW00011191,728D9425-2D92-4313-955D-BC776625AA24,2014-09-12 11:15:07.263
11192,17599,NULL,1,AW00011192,FB0EAF09-5121-42C5-B0C6-3568C3BCFEF2,2014-09-12 11:15:07.263
11193,14519,NULL,1,AW00011193,46248244-5B58-4497-8A5C-EA5D5D90DB5D,2014-09-12 11:15:07.263
11194,7727,NULL,4,AW00011194,03835401-C9D0-4C6C-A089-C9930CBC6445,2014-09-12 11:15:07.263
11195,19140,NULL,1,AW00011195,9B68FE70-68C7-477E-BA88-5EF7D3A817E2,2014-09-12 11:15:07.263
11196,2800,NULL,1,AW00011196,2E6EAB45-4534-4FEC-8703-73D1205A7EFB,2014-09-12 11:15:07.263
11197,9000,NULL,1,AW00011197,89196BC4-980C-4FA3-BA48-E5BB97647647,2014-09-12 11:15:07.263
11198,8052,NULL,4,AW00011198,3E5E07F3-6806-4B01-A7C4-F98B34AF8634,2014-09-12 11:15:07.263
11199,7729,NULL,4,AW00011199,1D735C67-E7AD-492A-A63A-9FC04293BF07,2014-09-12 11:15:07.263
11200,5409,NULL,6,AW00011200,A6E1B02A-306C-4E4A-B028-50EA7A90B2ED,2014-09-12 11:15:07.263
11201,3054,NULL,4,AW00011201,AAD968E6-E34A-4DE4-A8AD-C37D16E2B250,2014-09-12 11:15:07.263
11202,7092,NULL,4,AW00011202,B816C3E3-3FFC-4ED3-BF18-698A59F44C31,2014-09-12 11:15:07.263
11203,5463,NULL,6,AW00011203,F2312406-601B-4223-BFAA-BABA69550635,2014-09-12 11:15:07.263
11204,20019,NULL,1,AW00011204,37CBB06B-A879-46F1-8EEF-B29AE040EA48,2014-09-12 11:15:07.263
11205,18028,NULL,1,AW00011205,A00D9DD1-D961-405A-AEBB-AC9EA5BE7C15,2014-09-12 11:15:07.263
11206,13604,NULL,1,AW00011206,4EB6A1AB-0D6F-4095-A00C-545396BC1993,2014-09-12 11:15:07.263
11207,8512,NULL,1,AW00011207,0F5C719C-E5E5-48AA-9526-117A697914B0,2014-09-12 11:15:07.263
11208,3225,NULL,4,AW00011208,C32FEA35-579D-4F13-B8C4-9BDD98A49652,2014-09-12 11:15:07.263
11209,9318,NULL,4,AW00011209,2B3AC9B1-0B86-4EFA-B433-BF6DC68E13D0,2014-09-12 11:15:07.263
11210,13628,NULL,4,AW00011210,51B7341B-B9B8-4FA2-874F-00294CAF467A,2014-09-12 11:15:07.263
11211,12549,NULL,6,AW00011211,E1285DA5-60D6-441D-AEBF-C11A5EB69BAA,2014-09-12 11:15:07.263
11212,9700,NULL,6,AW00011212,870C1E21-882B-4750-B9E5-6D98F9573E04,2014-09-12 11:15:07.263
11213,3074,NULL,1,AW00011213,55254B4B-3984-4F50-9A1F-93B1622608AA,2014-09-12 11:15:07.263
11214,4847,NULL,1,AW00011214,28F11530-4957-4AAC-BFC2-0FF781F73E24,2014-09-12 11:15:07.263
11215,7440,NULL,6,AW00011215,02D1F9CC-F015-4306-AED6-9579102026EF,2014-09-12 11:15:07.263
11216,19820,NULL,1,AW00011216,4C8314BF-0D5E-4845-99BB-3E12F3AB220B,2014-09-12 11:15:07.263
11217,10262,NULL,1,AW00011217,6AD25F91-0313-4811-A423-A34439701D6E,2014-09-12 11:15:07.263
11218,11750,NULL,1,AW00011218,3CC359E7-C4E7-4C59-850F-477886EEB024,2014-09-12 11:15:07.263
11219,15531,NULL,1,AW00011219,403BF5B5-9757-4660-9E8A-67531A36CBF9,2014-09-12 11:15:07.263
11220,2477,NULL,4,AW00011220,841EAF8D-00AC-408F-99ED-1E66EFBE66BD,2014-09-12 11:15:07.263
11221,5941,NULL,4,AW00011221,B149C583-B3E0-4D90-B905-B26E4C0F3C96,2014-09-12 11:15:07.263
11222,2773,NULL,4,AW00011222,741654E8-ED9A-4B7E-8410-F8F141F73EE4,2014-09-12 11:15:07.263
11223,3197,NULL,6,AW00011223,72BFA246-56C5-4307-914A-04DD9C0F2A34,2014-09-12 11:15:07.263
11224,2656,NULL,1,AW00011224,158BC30A-04B4-4E0C-9FBF-302208462273,2014-09-12 11:15:07.263
11225,12350,NULL,1,AW00011225,CC9A216F-E02E-45D9-BFE9-906759F3C73F,2014-09-12 11:15:07.263
11226,2873,NULL,1,AW00011226,DBF20B18-4F6D-4853-89DC-728F068B30FB,2014-09-12 11:15:07.263
11227,11590,NULL,4,AW00011227,98D0F097-B4F1-43CF-847B-1ACD674CA700,2014-09-12 11:15:07.263
11228,12412,NULL,4,AW00011228,106BB248-E43C-4489-88ED-F9687D86A0AF,2014-09-12 11:15:07.263
11229,15841,NULL,4,AW00011229,BE528BFF-FD36-4027-913D-CF532F972B1B,2014-09-12 11:15:07.263
11230,9612,NULL,4,AW00011230,F04C2F9E-557B-4854-ABDA-6F418912F14A,2014-09-12 11:15:07.263
11231,17885,NULL,1,AW00011231,9FA72F06-CA29-4F0E-8578-2E15386FB1F7,2014-09-12 11:15:07.263
11232,3210,NULL,1,AW00011232,28CABC22-C13A-4507-A8AC-E135F7BA3411,2014-09-12 11:15:07.263
11233,18194,NULL,4,AW00011233,B2F3DC1A-67C4-43A9-AC5B-7DCDF079499A,2014-09-12 11:15:07.263
11234,3686,NULL,4,AW00011234,C4451355-C5E1-4AAF-B61C-F02DFC248154,2014-09-12 11:15:07.263
11235,15802,NULL,1,AW00011235,C72F7BF4-3787-4979-AB4A-51E369FD0801,2014-09-12 11:15:07.263
11236,13521,NULL,1,AW00011236,F80670A5-AD53-4296-9C63-8D2F3D45B22E,2014-09-12 11:15:07.263
11237,7511,NULL,8,AW00011237,7EF7C3C5-9CB6-4F77-94E1-576C19E341C6,2014-09-12 11:15:07.263
11238,3392,NULL,10,AW00011238,9DD00331-CD15-46FB-8174-53CE82E7698E,2014-09-12 11:15:07.263
11239,16405,NULL,10,AW00011239,9DA8290E-D0E9-43FC-8410-28A5FB6EF65E,2014-09-12 11:15:07.263
11240,14359,NULL,10,AW00011240,2253D8FD-3AC6-4A72-A2A1-15F81CCAFCC2,2014-09-12 11:15:07.263
11241,2436,NULL,7,AW00011241,349A059A-A808-4944-AFEE-F651FEA92F62,2014-09-12 11:15:07.263
11242,18425,NULL,7,AW00011242,E92F25E3-6930-4045-B078-268AAFAE930C,2014-09-12 11:15:07.263
11243,13712,NULL,10,AW00011243,61DD71EB-C410-487F-BE19-CE36803D10AE,2014-09-12 11:15:07.263
11244,12751,NULL,10,AW00011244,976A7FEE-5734-46A3-BA98-9B6693942DCF,2014-09-12 11:15:07.263
11245,15603,NULL,8,AW00011245,A44D5FCD-481B-4AD6-A4A8-A2D573059048,2014-09-12 11:15:07.263
11246,6162,NULL,8,AW00011246,7D65E3A0-B584-44FB-A799-9686030DEA1D,2014-09-12 11:15:07.263
11247,5863,NULL,10,AW00011247,EA369D9E-FBD4-4456-B181-7E96B46CBA05,2014-09-12 11:15:07.263
11248,12887,NULL,7,AW00011248,69BA261E-37B4-478E-A899-22DC6E76B7BF,2014-09-12 11:15:07.263
11249,7289,NULL,8,AW00011249,81C88D3A-EF29-4C6E-BF5A-D867DA20BB63,2014-09-12 11:15:07.263
11250,2526,NULL,10,AW00011250,679CEC99-B317-41B4-A477-E94DD066C54F,2014-09-12 11:15:07.263
11251,13411,NULL,6,AW00011251,31993A75-DFCB-4CB6-B939-90C468DA10F4,2014-09-12 11:15:07.263
11252,19006,NULL,4,AW00011252,0EBE6AB2-95C1-4587-9023-3D7C52B8B5B3,2014-09-12 11:15:07.263
11253,17012,NULL,6,AW00011253,86885E04-D00B-4FE2-9FEA-61032F921CB0,2014-09-12 11:15:07.263
11254,15887,NULL,1,AW00011254,C3C3351B-E8B1-400F-9AB6-63CC18477045,2014-09-12 11:15:07.263
11255,13436,NULL,1,AW00011255,6BA322C4-F18D-4FAB-B5EE-D6772D602209,2014-09-12 11:15:07.263
11256,10472,NULL,1,AW00011256,ECF7BDAB-67F9-47A6-B509-B1B4576927C2,2014-09-12 11:15:07.263
11257,7742,NULL,4,AW00011257,E68004A3-A6FD-4E29-92C4-8C502A8A49C0,2014-09-12 11:15:07.263
11258,4422,NULL,4,AW00011258,C0AB086B-0B6E-4131-9AD4-69C356E8168D,2014-09-12 11:15:07.263
11259,19376,NULL,1,AW00011259,D8E0667E-6737-4465-A2E5-9BE23D2A075F,2014-09-12 11:15:07.263
11260,7966,NULL,4,AW00011260,BF779C56-568C-4493-AA9C-8F8630A7BC95,2014-09-12 11:15:07.263
11261,9398,NULL,4,AW00011261,3E0B689E-D35C-4737-A3E4-26799F1A9A40,2014-09-12 11:15:07.263
11262,20532,NULL,6,AW00011262,8097738A-04BA-4082-97A0-6A8589EA299E,2014-09-12 11:15:07.263
11263,8473,NULL,1,AW00011263,13022941-BBB3-413E-A6AA-23C0E7C7F422,2014-09-12 11:15:07.263
11264,5022,NULL,1,AW00011264,CE2DE3B3-AF16-4BBC-9954-4278F85F37A8,2014-09-12 11:15:07.263
11265,11905,NULL,1,AW00011265,7716CBA3-2B05-4F89-BC3B-E6191485B610,2014-09-12 11:15:07.263
11266,3560,NULL,1,AW00011266,7BC1BF27-7CBF-44B3-81D0-576B9D6BC1A6,2014-09-12 11:15:07.263
11267,6679,NULL,4,AW00011267,2DE2E69B-9D13-4C76-A975-268348D29ED6,2014-09-12 11:15:07.263
11268,9972,NULL,4,AW00011268,D2F6930A-31B4-42F2-936E-B9FEA5C4453F,2014-09-12 11:15:07.263
11269,6565,NULL,4,AW00011269,F6E5E82B-CCFD-4A36-83AA-360B83548198,2014-09-12 11:15:07.263
11270,17332,NULL,4,AW00011270,3D74B544-016F-4118-820E-5EDDF09B4481,2014-09-12 11:15:07.263
11271,9120,NULL,4,AW00011271,86A9D2F8-40E7-4527-B745-26E8148FFDC0,2014-09-12 11:15:07.263
11272,11652,NULL,4,AW00011272,6B8B4CB6-0CBE-499E-BB32-67340B8CABB0,2014-09-12 11:15:07.263
11273,5982,NULL,4,AW00011273,08C55E52-D52F-431C-94FE-6E7D304FDBF2,2014-09-12 11:15:07.263
11274,5755,NULL,1,AW00011274,CD5AD158-6A65-4332-88ED-CCAA4B05C421,2014-09-12 11:15:07.263
11275,11516,NULL,4,AW00011275,20D36C82-5D22-436D-8D51-B89D4CB5FDD0,2014-09-12 11:15:07.263
11276,15449,NULL,6,AW00011276,519A2928-57AE-41B7-9D4C-43425654A7E7,2014-09-12 11:15:07.263
11277,4855,NULL,6,AW00011277,936BE340-0161-4E2E-A12D-3DB7BFDC0162,2014-09-12 11:15:07.263
11278,16067,NULL,1,AW00011278,64DFF02C-CAEA-4008-8F4D-ED2F7A712863,2014-09-12 11:15:07.263
11279,2996,NULL,1,AW00011279,724BCFAD-E4E9-443B-8DC4-BAA0D9C7B645,2014-09-12 11:15:07.263
11280,15746,NULL,1,AW00011280,67ECDCD1-8AD4-4193-AD4B-6EC4734E79C4,2014-09-12 11:15:07.263
11281,19134,NULL,4,AW00011281,6FFE0A23-D1B0-48B4-BB2F-ACD5FA7D5132,2014-09-12 11:15:07.263
11282,18134,NULL,1,AW00011282,F2693F9C-63FB-49BC-983C-3EC459FB56E3,2014-09-12 11:15:07.263
11283,10416,NULL,4,AW00011283,23867B28-F013-4350-944C-38D711A31B1C,2014-09-12 11:15:07.263
11284,13914,NULL,4,AW00011284,464A810F-4BB0-4200-88DB-5608F7540EBA,2014-09-12 11:15:07.263
11285,3992,NULL,4,AW00011285,DD403C97-79C0-43FA-9F59-0A5696B01B5A,2014-09-12 11:15:07.263
11286,6067,NULL,4,AW00011286,C670AA5A-BCD6-44C0-9CA6-A1BE14811F04,2014-09-12 11:15:07.263
11287,15978,NULL,6,AW00011287,CBF89ED8-0D78-46CB-94AB-5AEE93523383,2014-09-12 11:15:07.263
11288,7340,NULL,4,AW00011288,22A6D325-97F8-45AA-B7A3-5D88D4CF1FC0,2014-09-12 11:15:07.263
11289,9943,NULL,4,AW00011289,9C37A5A9-7AAF-4D9B-818A-E6D372129E50,2014-09-12 11:15:07.263
11290,9500,NULL,4,AW00011290,D94D5215-90E0-4EA1-8F23-B0BC1C9E4BB0,2014-09-12 11:15:07.263
11291,10573,NULL,4,AW00011291,F67837BB-DA30-4339-BE40-A656789F944E,2014-09-12 11:15:07.263
11292,4363,NULL,4,AW00011292,29C13213-E6E4-4F3C-8951-DCDA9BA5782E,2014-09-12 11:15:07.263
11293,5643,NULL,1,AW00011293,C3E6F2D8-E54A-406A-95A8-A89DE0B32629,2014-09-12 11:15:07.263
11294,4480,NULL,1,AW00011294,236CE15F-4EBB-49EF-9661-CB285A1ED2B6,2014-09-12 11:15:07.263
11295,12166,NULL,4,AW00011295,6D95FBA6-9F9D-479A-B393-33879DA918F6,2014-09-12 11:15:07.263
11296,3390,NULL,1,AW00011296,2E32F82F-F299-4157-8FCD-25B96EA1A58E,2014-09-12 11:15:07.263
11297,6090,NULL,4,AW00011297,5EDE13C8-DF26-4CAE-AAC2-BC42D827406F,2014-09-12 11:15:07.263
11298,13588,NULL,4,AW00011298,B90DA729-FCA7-4A07-8BC9-69614F73CE14,2014-09-12 11:15:07.263
