CreditCardID,CardType,CardNumber,ExpMonth,ExpYear,ModifiedDate
1,SuperiorCard,33332664695310,11,2006,2013-07-29 00:00:00.000
2,Distinguish,55552127249722,8,2005,2013-12-05 00:00:00.000
3,ColonialVoice,77778344838353,7,2005,2014-01-14 00:00:00.000
4,ColonialVoice,77774915718248,7,2006,2013-05-20 00:00:00.000
5,Vista,11114404600042,4,2005,2013-02-01 00:00:00.000
6,Distinguish,55557132036181,9,2006,2014-04-10 00:00:00.000
7,Distinguish,55553635401028,6,2007,2013-02-01 00:00:00.000
8,SuperiorCard,33336081193101,7,2007,2013-06-30 00:00:00.000
9,Distinguish,55553465625901,2,2005,2013-09-23 00:00:00.000
10,SuperiorCard,33332126386493,8,2008,2011-08-31 00:00:00.000
11,SuperiorCard,33335352517363,10,2008,2014-05-04 00:00:00.000
12,SuperiorCard,33334316194519,4,2008,2012-05-30 00:00:00.000
13,Vista,11119775847802,11,2005,2014-03-01 00:00:00.000
14,Distinguish,55553287727410,10,2006,2013-11-19 00:00:00.000
15,SuperiorCard,33336866065599,11,2008,2013-01-29 00:00:00.000
16,Vista,11111985451507,8,2006,2013-12-30 00:00:00.000
17,ColonialVoice,77771220960729,8,2008,2014-01-16 00:00:00.000
18,ColonialVoice,77773971683137,8,2007,2011-12-29 00:00:00.000
19,ColonialVoice,77779803886862,9,2007,2014-02-04 00:00:00.000
20,SuperiorCard,33332150058339,3,2007,2013-12-17 00:00:00.000
21,SuperiorCard,33336474467548,3,2006,2013-09-11 00:00:00.000
22,ColonialVoice,77772030376004,3,2005,2013-12-24 00:00:00.000
23,Vista,11117174633569,7,2006,2012-04-15 00:00:00.000
24,Vista,11111658051128,11,2005,2013-08-21 00:00:00.000
25,Vista,11119905436490,1,2007,2013-01-19 00:00:00.000
26,Distinguish,55554195847998,11,2008,2013-08-27 00:00:00.000
27,SuperiorCard,33333837392825,12,2008,2013-11-11 00:00:00.000
28,SuperiorCard,33337040086193,12,2006,2013-07-31 00:00:00.000
29,SuperiorCard,33333594431481,2,2007,2014-04-25 00:00:00.000
30,Vista,11111281844021,6,2006,2014-01-13 00:00:00.000
31,Vista,11112040199986,10,2008,2009-01-15 00:00:00.000
32,Distinguish,55552506272209,6,2006,2014-01-21 00:00:00.000
33,SuperiorCard,33335588002748,2,2006,2012-01-25 00:00:00.000
34,Vista,11115274414475,10,2006,2013-11-25 00:00:00.000
35,SuperiorCard,33333028993903,2,2007,2012-08-05 00:00:00.000
36,Vista,11111169772836,11,2006,2013-09-03 00:00:00.000
37,Distinguish,55551349750603,7,2007,2014-03-23 00:00:00.000
38,Distinguish,55555420711099,7,2008,2013-09-24 00:00:00.000
39,Vista,11117546738833,5,2005,2013-09-13 00:00:00.000
40,Distinguish,55555841603354,4,2008,2013-08-25 00:00:00.000
41,Vista,11113757706549,7,2008,2014-03-22 00:00:00.000
42,Distinguish,55555053963314,3,2005,2013-07-01 00:00:00.000
43,SuperiorCard,33332773200339,3,2006,2013-09-03 00:00:00.000
44,ColonialVoice,77779171924785,6,2007,2013-10-10 00:00:00.000
45,Distinguish,55551983685258,4,2006,2014-04-28 00:00:00.000
46,SuperiorCard,33331306076760,12,2005,2013-12-07 00:00:00.000
47,Distinguish,55551566702747,3,2008,2013-06-07 00:00:00.000
48,SuperiorCard,33338676321482,3,2008,2014-05-21 00:00:00.000
49,SuperiorCard,33337796706807,6,2008,2013-07-09 00:00:00.000
50,ColonialVoice,77776755686502,5,2007,2014-06-15 00:00:00.000
51,SuperiorCard,33337051999262,3,2007,2014-03-07 00:00:00.000
52,Vista,11113124378865,3,2008,2013-04-23 00:00:00.000
53,ColonialVoice,77772212684661,5,2006,2014-04-04 00:00:00.000
54,Distinguish,55553252134216,12,2006,2013-09-04 00:00:00.000
55,ColonialVoice,77776585377718,5,2008,2013-07-31 00:00:00.000
56,Distinguish,55551526073305,7,2007,2014-03-16 00:00:00.000
57,ColonialVoice,77775318833306,10,2008,2013-12-23 00:00:00.000
58,Vista,11117610506869,12,2008,2014-02-07 00:00:00.000
59,Vista,11116857559490,9,2006,2013-06-30 00:00:00.000
60,Vista,11111063290504,1,2008,2012-06-14 00:00:00.000
61,Distinguish,55553521953614,4,2008,2014-05-15 00:00:00.000
62,SuperiorCard,33336076362820,1,2005,2014-04-01 00:00:00.000
63,Distinguish,55552834411554,4,2008,2013-12-06 00:00:00.000
64,ColonialVoice,77776280624762,2,2005,2013-10-13 00:00:00.000
65,Distinguish,55556135765472,4,2005,2013-10-13 00:00:00.000
66,ColonialVoice,77774204284216,8,2005,2010-01-29 00:00:00.000
67,SuperiorCard,33335516443528,12,2005,2013-10-27 00:00:00.000
68,SuperiorCard,33337185413753,3,2005,2013-02-06 00:00:00.000
69,ColonialVoice,77773035177913,6,2005,2012-05-17 00:00:00.000
70,Distinguish,55556217280260,3,2008,2014-02-07 00:00:00.000
71,Vista,11116167886495,7,2005,2013-10-13 00:00:00.000
72,Distinguish,55557166092204,7,2005,2013-08-13 00:00:00.000
73,Vista,11111097285749,1,2008,2013-11-23 00:00:00.000
74,Vista,11111875326223,11,2007,2014-06-26 00:00:00.000
75,SuperiorCard,33339024575831,11,2008,2013-09-22 00:00:00.000
76,SuperiorCard,33337723858818,5,2008,2011-05-31 00:00:00.000
77,Distinguish,55552491484622,8,2008,2009-02-24 00:00:00.000
78,SuperiorCard,33335304638114,8,2008,2014-01-25 00:00:00.000
79,Vista,11118018211102,7,2006,2012-06-17 00:00:00.000
80,ColonialVoice,77772340294400,11,2008,2013-11-19 00:00:00.000
81,Distinguish,55557892934839,6,2007,2012-11-17 00:00:00.000
82,Distinguish,55552580794715,11,2006,2012-05-30 00:00:00.000
83,Vista,11118036755505,4,2008,2013-10-29 00:00:00.000
84,Distinguish,55556891733409,1,2006,2014-03-29 00:00:00.000
85,ColonialVoice,77775989712942,4,2006,2014-05-27 00:00:00.000
86,SuperiorCard,33336703497121,1,2006,2013-08-26 00:00:00.000
87,Vista,11115536966870,8,2007,2012-03-03 00:00:00.000
88,Distinguish,55559505872957,1,2006,2014-04-20 00:00:00.000
89,SuperiorCard,33332972701054,4,2007,2013-04-18 00:00:00.000
90,Distinguish,55554129226031,11,2007,2013-07-13 00:00:00.000
91,SuperiorCard,33334379129505,1,2006,2013-07-30 00:00:00.000
92,SuperiorCard,33334394499932,10,2006,2014-02-11 00:00:00.000
93,Vista,11117160559398,2,2005,2013-09-25 00:00:00.000
94,Distinguish,55553576381881,5,2005,2014-03-06 00:00:00.000
95,Distinguish,55551358663947,5,2007,2014-03-06 00:00:00.000
96,SuperiorCard,33337600423179,4,2007,2014-01-17 00:00:00.000
97,ColonialVoice,77778908268190,12,2007,2014-05-02 00:00:00.000
98,SuperiorCard,33334689130342,9,2006,2011-12-06 00:00:00.000
99,Vista,11119575282326,12,2006,2013-08-28 00:00:00.000
100,ColonialVoice,77775942872654,9,2007,2014-04-05 00:00:00.000
101,ColonialVoice,77771155924577,12,2006,2012-06-29 00:00:00.000
102,ColonialVoice,77777905530572,12,2008,2013-12-05 00:00:00.000
103,Vista,11113359002897,10,2007,2011-06-21 00:00:00.000
104,ColonialVoice,77772996189531,11,2005,2013-07-12 00:00:00.000
105,Distinguish,55558305945748,4,2008,2014-01-07 00:00:00.000
106,SuperiorCard,33331614606503,10,2008,2013-06-30 00:00:00.000
107,ColonialVoice,77771467512075,12,2006,2014-06-18 00:00:00.000
108,Vista,11114226806511,4,2006,2014-05-23 00:00:00.000
109,Vista,11115965551854,8,2007,2014-05-31 00:00:00.000
110,Distinguish,55556494862795,12,2006,2013-08-07 00:00:00.000
111,SuperiorCard,33339067552676,4,2006,2013-11-14 00:00:00.000
112,Vista,11118290057240,3,2007,2014-05-12 00:00:00.000
113,Vista,11117863519103,2,2005,2012-07-21 00:00:00.000
114,SuperiorCard,33338624829973,8,2006,2013-08-18 00:00:00.000
115,Distinguish,55557331288433,1,2005,2013-08-28 00:00:00.000
116,Distinguish,55551539904121,5,2006,2014-02-28 00:00:00.000
117,ColonialVoice,77778258299726,8,2005,2013-11-30 00:00:00.000
118,Distinguish,55551810976353,10,2007,2013-09-02 00:00:00.000
119,Distinguish,55551090366683,1,2006,2009-02-06 00:00:00.000
120,Distinguish,55554797685048,1,2006,2013-05-27 00:00:00.000
121,Distinguish,55556497893044,8,2005,2014-05-05 00:00:00.000
122,ColonialVoice,77775805844194,9,2007,2014-06-11 00:00:00.000
123,Distinguish,55552551439953,8,2007,2013-09-02 00:00:00.000
124,ColonialVoice,77772054172195,12,2007,2013-09-19 00:00:00.000
125,ColonialVoice,77774261153866,6,2006,2014-05-01 00:00:00.000
126,SuperiorCard,33335620908839,11,2005,2013-07-31 00:00:00.000
127,ColonialVoice,77778668677894,4,2008,2012-09-12 00:00:00.000
128,Distinguish,55554615582353,8,2006,2014-05-25 00:00:00.000
129,Distinguish,55555625235288,12,2005,2013-10-17 00:00:00.000
130,Vista,11117013974027,7,2005,2013-08-06 00:00:00.000
131,SuperiorCard,33333327723729,6,2008,2012-02-25 00:00:00.000
132,SuperiorCard,33332924248632,1,2008,2014-06-01 00:00:00.000
133,Distinguish,55551500034619,8,2006,2013-07-29 00:00:00.000
134,ColonialVoice,77779074972626,8,2006,2014-01-03 00:00:00.000
135,ColonialVoice,77773476995492,4,2006,2014-03-04 00:00:00.000
136,Distinguish,55553177744050,9,2008,2013-02-05 00:00:00.000
137,Distinguish,55558265626436,12,2006,2013-04-30 00:00:00.000
138,Distinguish,55553993498931,7,2005,2013-09-28 00:00:00.000
139,SuperiorCard,33333046058215,6,2007,2013-11-03 00:00:00.000
140,SuperiorCard,33332539446148,1,2005,2013-06-23 00:00:00.000
141,Distinguish,55553385255792,8,2007,2013-08-17 00:00:00.000
142,Distinguish,55554148938512,6,2006,2014-04-08 00:00:00.000
143,SuperiorCard,33338956772123,5,2005,2012-11-03 00:00:00.000
144,Distinguish,55552263625446,3,2007,2014-01-18 00:00:00.000
145,ColonialVoice,77771579806358,1,2007,2013-10-27 00:00:00.000
146,SuperiorCard,33331510913646,1,2006,2014-01-18 00:00:00.000
147,SuperiorCard,33335009967295,1,2007,2013-10-03 00:00:00.000
148,SuperiorCard,33336376132542,8,2006,2013-02-16 00:00:00.000
149,ColonialVoice,77777697898447,11,2006,2012-08-07 00:00:00.000
150,Vista,11113974751980,12,2006,2013-06-29 00:00:00.000
151,SuperiorCard,33331897508563,12,2007,2012-04-21 00:00:00.000
152,SuperiorCard,33332580697839,10,2005,2013-07-12 00:00:00.000
153,Vista,11117820763787,1,2005,2013-08-18 00:00:00.000
154,ColonialVoice,77774677693254,8,2008,2013-09-16 00:00:00.000
155,ColonialVoice,77777310997414,3,2006,2013-11-06 00:00:00.000
156,Vista,11117316308667,4,2007,2011-12-19 00:00:00.000
157,Vista,11112727657519,6,2005,2011-09-20 00:00:00.000
158,SuperiorCard,33338418715127,6,2006,2014-05-09 00:00:00.000
159,SuperiorCard,33332180625781,1,2008,2012-11-26 00:00:00.000
160,Vista,11117586821468,12,2007,2014-03-11 00:00:00.000
161,Vista,11113066996675,3,2005,2011-07-01 00:00:00.000
162,SuperiorCard,33338226131303,8,2008,2014-03-31 00:00:00.000
163,Vista,11115931141608,12,2006,2014-01-29 00:00:00.000
164,ColonialVoice,77773467064957,5,2005,2014-05-25 00:00:00.000
165,ColonialVoice,77772090003580,2,2007,2013-10-07 00:00:00.000
166,Vista,11117354769916,9,2006,2013-10-11 00:00:00.000
167,SuperiorCard,33335313248723,11,2005,2014-03-31 00:00:00.000
168,SuperiorCard,33331366432094,1,2007,2012-05-01 00:00:00.000
169,Distinguish,55555490126754,10,2008,2012-06-14 00:00:00.000
170,ColonialVoice,77775004062798,6,2006,2012-03-10 00:00:00.000
171,Distinguish,55554843263520,8,2005,2013-09-05 00:00:00.000
172,SuperiorCard,33338669078698,11,2008,2012-08-24 00:00:00.000
173,SuperiorCard,33331831813839,10,2007,2012-10-15 00:00:00.000
174,ColonialVoice,77772993284666,7,2006,2014-01-12 00:00:00.000
175,ColonialVoice,77779842480754,1,2006,2012-07-20 00:00:00.000
176,SuperiorCard,33337664613331,10,2007,2013-11-27 00:00:00.000
177,Vista,11114493005589,9,2005,2012-09-09 00:00:00.000
178,Vista,11115247168390,6,2008,2013-03-07 00:00:00.000
179,SuperiorCard,33332143726640,3,2007,2013-08-19 00:00:00.000
180,Distinguish,55554119155738,12,2008,2012-05-30 00:00:00.000
181,ColonialVoice,77773813992363,12,2007,2011-07-01 00:00:00.000
182,Distinguish,55557755502133,3,2008,2013-03-24 00:00:00.000
183,Vista,11112359824733,3,2005,2014-01-01 00:00:00.000
184,SuperiorCard,33333348568848,10,2007,2013-11-03 00:00:00.000
185,Distinguish,55559237831556,3,2008,2014-03-04 00:00:00.000
186,Vista,11118301852338,10,2007,2013-11-04 00:00:00.000
187,Vista,11115020407589,2,2007,2014-03-01 00:00:00.000
188,ColonialVoice,77777688940363,12,2005,2013-09-13 00:00:00.000
189,SuperiorCard,33338902011178,1,2008,2014-04-25 00:00:00.000
190,Distinguish,55557767763037,7,2006,2014-01-17 00:00:00.000
191,SuperiorCard,33338434402110,7,2005,2013-12-20 00:00:00.000
192,SuperiorCard,33335647678654,6,2007,2013-11-23 00:00:00.000
193,Vista,11115472069769,12,2005,2013-04-30 00:00:00.000
194,ColonialVoice,77774510580754,8,2008,2012-06-30 00:00:00.000
195,Distinguish,55551871947166,9,2005,2012-08-28 00:00:00.000
196,Vista,11117010076386,7,2005,2014-05-22 00:00:00.000
197,Distinguish,55556931298047,5,2006,2012-04-18 00:00:00.000
198,SuperiorCard,33335007569167,7,2007,2014-01-23 00:00:00.000
199,SuperiorCard,33335500655096,5,2007,2013-11-10 00:00:00.000
200,Distinguish,55557032858138,4,2008,2014-04-28 00:00:00.000
201,ColonialVoice,77779670323108,5,2005,2014-06-14 00:00:00.000
202,SuperiorCard,33338461708438,12,2007,2013-10-16 00:00:00.000
203,Vista,11111448471115,11,2007,2014-03-01 00:00:00.000
204,Distinguish,55556333798473,4,2005,2011-07-01 00:00:00.000
205,Distinguish,55556779365170,4,2008,2012-08-15 00:00:00.000
206,Vista,11116739347695,7,2006,2013-10-30 00:00:00.000
207,Distinguish,55553665516951,1,2008,2013-08-06 00:00:00.000
208,Distinguish,55551100991160,11,2007,2012-04-12 00:00:00.000
209,Vista,11115652257330,11,2005,2014-06-11 00:00:00.000
210,SuperiorCard,33331045083655,7,2006,2013-10-03 00:00:00.000
211,SuperiorCard,33338100993388,6,2006,2013-10-18 00:00:00.000
212,SuperiorCard,33334516281208,7,2008,2014-03-14 00:00:00.000
213,SuperiorCard,33335468433685,9,2008,2011-12-30 00:00:00.000
214,SuperiorCard,33334836418984,4,2008,2013-09-19 00:00:00.000
215,Vista,11112748708059,3,2008,2011-11-18 00:00:00.000
216,Distinguish,55559713551424,7,2005,2011-11-05 00:00:00.000
217,SuperiorCard,33337773356896,10,2005,2012-08-04 00:00:00.000
218,Vista,11116900410151,12,2007,2014-02-25 00:00:00.000
219,SuperiorCard,33333000525927,2,2006,2014-01-07 00:00:00.000
220,Distinguish,55556544254316,12,2005,2009-01-15 00:00:00.000
221,Vista,11113174835553,10,2007,2014-02-24 00:00:00.000
222,ColonialVoice,77777095305642,3,2007,2013-08-14 00:00:00.000
223,SuperiorCard,33334363859950,8,2007,2011-10-12 00:00:00.000
224,Vista,11111290138301,5,2006,2013-04-27 00:00:00.000
225,Vista,11111419890999,10,2005,2012-02-10 00:00:00.000
226,SuperiorCard,33332281809376,4,2006,2013-11-08 00:00:00.000
227,Vista,11113025574459,10,2007,2013-06-30 00:00:00.000
228,Vista,11117706542802,7,2007,2014-04-14 00:00:00.000
229,SuperiorCard,33331049139565,9,2008,2014-06-29 00:00:00.000
230,Distinguish,55552612523111,7,2008,2013-07-31 00:00:00.000
231,Vista,11119558626152,11,2008,2012-02-03 00:00:00.000
232,Vista,11114626054731,10,2007,2014-05-21 00:00:00.000
233,ColonialVoice,77778363584843,1,2007,2014-05-07 00:00:00.000
234,ColonialVoice,77775702340665,3,2005,2013-09-29 00:00:00.000
235,ColonialVoice,77774153486314,2,2006,2014-05-04 00:00:00.000
236,ColonialVoice,77772024781018,12,2005,2013-07-27 00:00:00.000
237,SuperiorCard,33334524652098,4,2006,2014-03-31 00:00:00.000
238,ColonialVoice,77771764342795,12,2005,2013-09-25 00:00:00.000
239,Distinguish,55556382031773,10,2006,2013-05-23 00:00:00.000
240,Distinguish,55553353112217,5,2008,2013-11-21 00:00:00.000
241,ColonialVoice,77776406923553,5,2005,2014-06-16 00:00:00.000
242,SuperiorCard,33337414425957,10,2005,2011-05-31 00:00:00.000
243,Distinguish,55554566989903,3,2007,2014-02-23 00:00:00.000
244,SuperiorCard,33332518757403,7,2005,2014-02-05 00:00:00.000
245,ColonialVoice,77776250555783,8,2008,2013-09-27 00:00:00.000
246,SuperiorCard,33331574523505,3,2005,2011-08-12 00:00:00.000
247,SuperiorCard,33334358455811,10,2005,2014-01-17 00:00:00.000
248,Vista,11118545580995,9,2007,2014-04-11 00:00:00.000
249,SuperiorCard,33333022881251,9,2006,2013-10-14 00:00:00.000
250,ColonialVoice,77773099238780,2,2008,2013-10-20 00:00:00.000
251,SuperiorCard,33337187139676,3,2008,2012-01-20 00:00:00.000
252,SuperiorCard,33337077455871,8,2006,2013-12-15 00:00:00.000
253,SuperiorCard,33331912505385,10,2005,2013-04-29 00:00:00.000
254,Distinguish,55554276734483,11,2007,2014-03-17 00:00:00.000
255,SuperiorCard,33333122092398,6,2006,2014-04-06 00:00:00.000
256,Vista,11111578243413,12,2008,2014-05-16 00:00:00.000
257,Vista,11112463732121,10,2006,2013-10-10 00:00:00.000
258,ColonialVoice,77776185540781,6,2008,2013-01-05 00:00:00.000
259,SuperiorCard,33338971372491,4,2008,2013-12-06 00:00:00.000
260,SuperiorCard,33331806839744,7,2008,2009-02-23 00:00:00.000
261,ColonialVoice,77773186672230,12,2008,2011-10-08 00:00:00.000
262,SuperiorCard,33339710777722,4,2005,2014-05-28 00:00:00.000
263,SuperiorCard,33333857621376,12,2006,2012-08-08 00:00:00.000
264,Distinguish,55557055583187,6,2007,2013-12-18 00:00:00.000
265,Distinguish,55552836814693,4,2007,2013-10-04 00:00:00.000
266,ColonialVoice,77775631592757,1,2007,2012-06-14 00:00:00.000
267,SuperiorCard,33331311168762,11,2005,2011-05-31 00:00:00.000
268,SuperiorCard,33332211768137,2,2006,2011-09-16 00:00:00.000
269,SuperiorCard,33337121705928,8,2007,2011-07-04 00:00:00.000
270,SuperiorCard,33338784038789,7,2008,2012-08-01 00:00:00.000
271,ColonialVoice,77772097663028,9,2006,2013-07-02 00:00:00.000
272,SuperiorCard,33336884975462,8,2005,2014-03-01 00:00:00.000
273,ColonialVoice,77774350037576,11,2006,2014-03-03 00:00:00.000
274,Distinguish,55553286107663,9,2008,2013-01-19 00:00:00.000
275,Distinguish,55555327654649,5,2008,2014-03-13 00:00:00.000
276,SuperiorCard,33336128462841,12,2007,2013-11-21 00:00:00.000
277,ColonialVoice,77779052030234,5,2005,2013-08-26 00:00:00.000
278,Distinguish,55558803622808,9,2008,2014-01-16 00:00:00.000
279,Vista,11116531194989,5,2006,2013-11-26 00:00:00.000
280,Vista,11119478266157,6,2006,2013-12-07 00:00:00.000
281,Distinguish,55551340489507,5,2006,2012-01-20 00:00:00.000
282,ColonialVoice,77776406538214,12,2006,2013-09-14 00:00:00.000
283,SuperiorCard,33339429165111,9,2005,2014-01-28 00:00:00.000
284,SuperiorCard,33333582192961,4,2005,2014-01-11 00:00:00.000
285,Distinguish,55553915166444,6,2008,2013-08-14 00:00:00.000
286,ColonialVoice,77773615831491,8,2007,2013-06-22 00:00:00.000
287,ColonialVoice,77774957386427,12,2006,2012-02-13 00:00:00.000
288,SuperiorCard,33333339429635,6,2007,2013-12-16 00:00:00.000
289,Distinguish,55558798543734,6,2008,2013-08-19 00:00:00.000
290,SuperiorCard,33338430651749,7,2006,2013-09-05 00:00:00.000
291,Distinguish,55556726374092,7,2007,2012-05-11 00:00:00.000
292,Vista,11115248640937,5,2005,2012-11-08 00:00:00.000
293,Vista,11111949366286,1,2007,2014-02-16 00:00:00.000
294,Vista,11111418735493,3,2005,2013-12-15 00:00:00.000
295,SuperiorCard,33335549151443,9,2007,2014-02-20 00:00:00.000
296,SuperiorCard,33333589610564,10,2008,2013-10-16 00:00:00.000
297,SuperiorCard,33333361325378,11,2005,2013-07-11 00:00:00.000
298,ColonialVoice,77776298632346,10,2008,2013-10-20 00:00:00.000
299,Distinguish,55551842980137,4,2006,2011-08-01 00:00:00.000
300,Vista,11118661036033,5,2007,2013-10-31 00:00:00.000
301,Distinguish,55558471257051,12,2006,2014-04-07 00:00:00.000
302,SuperiorCard,33335006452683,4,2006,2013-05-02 00:00:00.000
303,Vista,11119770104261,9,2005,2013-09-03 00:00:00.000
304,ColonialVoice,77775921255907,4,2008,2013-10-10 00:00:00.000
305,Distinguish,55552297689520,7,2005,2014-06-22 00:00:00.000
306,Vista,11114534921033,8,2007,2013-09-26 00:00:00.000
307,SuperiorCard,33331161840943,1,2006,2014-05-06 00:00:00.000
308,SuperiorCard,33331460725625,6,2007,2013-12-06 00:00:00.000
309,Vista,11117945717058,3,2007,2014-03-23 00:00:00.000
310,Distinguish,55554029756638,11,2006,2011-08-08 00:00:00.000
311,SuperiorCard,33335435900165,11,2006,2013-08-16 00:00:00.000
312,SuperiorCard,33333463470760,3,2008,2014-06-08 00:00:00.000
313,Distinguish,55558016579760,7,2007,2013-10-28 00:00:00.000
314,ColonialVoice,77777527755354,1,2007,2014-04-06 00:00:00.000
315,ColonialVoice,77772840648082,10,2008,2012-05-07 00:00:00.000
316,ColonialVoice,77777479245209,12,2006,2013-07-08 00:00:00.000
317,ColonialVoice,77775217016118,1,2007,2014-05-27 00:00:00.000
318,SuperiorCard,33333795332504,12,2005,2012-07-04 00:00:00.000
319,SuperiorCard,33333588055875,3,2008,2011-08-01 00:00:00.000
320,Distinguish,55559136297933,9,2005,2013-07-16 00:00:00.000
321,Vista,11115874925443,7,2005,2012-09-29 00:00:00.000
322,Vista,11111465897576,12,2006,2014-05-01 00:00:00.000
323,Distinguish,55556491880971,2,2007,2013-08-18 00:00:00.000
324,SuperiorCard,33336623042951,2,2005,2009-02-03 00:00:00.000
325,Vista,11113130199296,12,2007,2013-04-13 00:00:00.000
326,Distinguish,55559209385215,7,2008,2014-06-25 00:00:00.000
327,Distinguish,55552963103062,7,2008,2012-05-07 00:00:00.000
328,SuperiorCard,33337184417741,10,2006,2014-03-01 00:00:00.000
329,SuperiorCard,33333601842727,8,2008,2012-04-23 00:00:00.000
330,Distinguish,55559400224010,2,2007,2013-05-04 00:00:00.000
331,Distinguish,55558186928969,11,2006,2013-11-03 00:00:00.000
332,SuperiorCard,33335351251421,6,2006,2012-03-16 00:00:00.000
333,Distinguish,55559281360112,5,2005,2012-06-07 00:00:00.000
334,Distinguish,55558268660616,6,2005,2014-03-23 00:00:00.000
335,Distinguish,55551133073710,2,2005,2013-08-04 00:00:00.000
336,SuperiorCard,33332970292118,7,2008,2012-06-30 00:00:00.000
337,Vista,11114703000162,5,2007,2013-03-06 00:00:00.000
338,ColonialVoice,77777663342481,9,2008,2014-05-05 00:00:00.000
339,Distinguish,55559475880011,12,2008,2014-03-31 00:00:00.000
340,Distinguish,55555375872116,10,2006,2013-08-04 00:00:00.000
341,Vista,11114437847221,3,2005,2012-12-11 00:00:00.000
342,ColonialVoice,77776266152345,1,2006,2013-12-23 00:00:00.000
343,Vista,11115701454851,7,2008,2013-12-03 00:00:00.000
344,Vista,11119674361490,9,2006,2013-10-10 00:00:00.000
345,Vista,11118110021923,6,2008,2013-10-10 00:00:00.000
346,SuperiorCard,33335534675723,3,2008,2013-12-24 00:00:00.000
347,SuperiorCard,33337539270232,9,2005,2013-09-08 00:00:00.000
348,Distinguish,55551813343426,11,2008,2013-09-08 00:00:00.000
349,ColonialVoice,77772412583693,9,2007,2012-12-01 00:00:00.000
350,ColonialVoice,77774617407824,5,2007,2013-07-17 00:00:00.000
351,ColonialVoice,77776250422618,12,2007,2012-10-19 00:00:00.000
352,Vista,11111038492177,5,2005,2012-09-23 00:00:00.000
353,Vista,11113953531031,11,2008,2013-12-31 00:00:00.000
354,SuperiorCard,33337208763627,6,2007,2013-12-03 00:00:00.000
355,SuperiorCard,33336233008911,9,2008,2013-06-30 00:00:00.000
356,Vista,11114068402158,10,2008,2013-06-27 00:00:00.000
357,SuperiorCard,33339094840927,1,2008,2014-02-12 00:00:00.000
358,SuperiorCard,33336454753250,11,2006,2012-05-27 00:00:00.000
359,ColonialVoice,77776472904565,10,2008,2012-09-14 00:00:00.000
360,ColonialVoice,77772894126334,7,2005,2014-03-21 00:00:00.000
361,SuperiorCard,33333660692169,4,2007,2014-01-21 00:00:00.000
362,Distinguish,55553141509249,3,2007,2014-06-05 00:00:00.000
363,ColonialVoice,77775139403469,8,2006,2014-04-04 00:00:00.000
364,Distinguish,55558521977541,9,2007,2014-04-09 00:00:00.000
365,Vista,11113304959304,8,2005,2013-08-12 00:00:00.000
366,Distinguish,55551373386979,6,2007,2014-03-25 00:00:00.000
367,ColonialVoice,77771658774976,10,2006,2012-08-05 00:00:00.000
368,SuperiorCard,33337996194943,8,2008,2013-11-17 00:00:00.000
369,Distinguish,55558962653402,7,2008,2012-10-04 00:00:00.000
370,Distinguish,55552920607882,10,2007,2012-03-30 00:00:00.000
371,Vista,11111423384823,2,2006,2012-07-31 00:00:00.000
372,Distinguish,55554640760212,6,2008,2014-02-08 00:00:00.000
373,SuperiorCard,33336635791537,10,2008,2012-01-26 00:00:00.000
374,Vista,11118111347101,2,2007,2014-05-04 00:00:00.000
375,Distinguish,55556238588767,5,2005,2014-03-16 00:00:00.000
376,SuperiorCard,33337864080360,7,2006,2013-05-07 00:00:00.000
377,Vista,11112840822877,1,2005,2012-07-14 00:00:00.000
378,Distinguish,55551023233383,4,2006,2014-02-20 00:00:00.000
379,SuperiorCard,33339866323726,2,2008,2014-03-31 00:00:00.000
380,ColonialVoice,77773081956952,1,2008,2011-11-18 00:00:00.000
381,SuperiorCard,33333904253150,3,2006,2013-07-15 00:00:00.000
382,Vista,11116204530793,5,2007,2012-09-28 00:00:00.000
383,Vista,11111586263693,5,2006,2012-06-25 00:00:00.000
384,ColonialVoice,77775243331802,8,2007,2014-01-25 00:00:00.000
385,SuperiorCard,33337196614989,4,2005,2011-09-01 00:00:00.000
386,SuperiorCard,33334561570452,6,2006,2014-04-25 00:00:00.000
387,ColonialVoice,77774965490722,10,2006,2013-11-03 00:00:00.000
388,Distinguish,55556406236712,2,2007,2013-07-25 00:00:00.000
389,Distinguish,55552532138087,10,2005,2013-10-30 00:00:00.000
390,Vista,11118753411058,7,2008,2014-04-11 00:00:00.000
391,ColonialVoice,77772463833333,7,2005,2014-02-24 00:00:00.000
392,Vista,11118562672576,5,2007,2013-10-29 00:00:00.000
393,Vista,11111627148699,4,2006,2014-03-05 00:00:00.000
394,Distinguish,55553008487911,6,2006,2009-02-19 00:00:00.000
395,ColonialVoice,77771418781901,6,2006,2008-11-25 00:00:00.000
396,SuperiorCard,33338589135498,2,2006,2014-06-28 00:00:00.000
397,SuperiorCard,33338702777274,5,2006,2013-08-08 00:00:00.000
398,SuperiorCard,33339957826041,8,2006,2012-06-20 00:00:00.000
399,Vista,11118730511214,7,2006,2013-07-18 00:00:00.000
400,Vista,11118201757324,6,2005,2011-10-19 00:00:00.000
401,Distinguish,55557648719357,9,2007,2014-01-12 00:00:00.000
402,ColonialVoice,77778707357207,11,2008,2013-05-22 00:00:00.000
403,ColonialVoice,77775786670948,7,2008,2012-09-07 00:00:00.000
404,SuperiorCard,33331106176532,3,2007,2013-09-17 00:00:00.000
405,Distinguish,55558266354107,9,2006,2013-08-07 00:00:00.000
406,SuperiorCard,33335217748519,1,2007,2014-02-21 00:00:00.000
407,SuperiorCard,33335551916395,9,2005,2014-02-23 00:00:00.000
408,Distinguish,55557158842836,11,2008,2013-02-08 00:00:00.000
409,ColonialVoice,77775137357162,5,2008,2013-02-21 00:00:00.000
410,SuperiorCard,33333509526283,5,2008,2013-02-15 00:00:00.000
411,Distinguish,55554447610983,7,2005,2014-01-30 00:00:00.000
412,SuperiorCard,33335082259833,8,2005,2011-09-18 00:00:00.000
413,SuperiorCard,33331033535413,9,2008,2009-01-14 00:00:00.000
414,Distinguish,55559538056514,1,2006,2013-11-07 00:00:00.000
415,Distinguish,55558432859672,1,2005,2014-01-20 00:00:00.000
416,Vista,11111082178644,1,2005,2013-12-20 00:00:00.000
417,SuperiorCard,33332618411673,11,2006,2014-05-17 00:00:00.000
418,ColonialVoice,77778332989405,7,2005,2011-12-29 00:00:00.000
419,SuperiorCard,33331076984905,5,2005,2013-07-28 00:00:00.000
420,Distinguish,55559570001876,5,2008,2012-10-15 00:00:00.000
421,ColonialVoice,77779612128963,12,2006,2013-11-28 00:00:00.000
422,ColonialVoice,77776996793043,1,2005,2014-05-07 00:00:00.000
423,Vista,11117112577020,9,2007,2013-08-03 00:00:00.000
424,SuperiorCard,33338284484471,4,2008,2012-09-30 00:00:00.000
425,Distinguish,55556721176222,3,2008,2013-10-18 00:00:00.000
426,ColonialVoice,77778120734237,10,2006,2013-08-13 00:00:00.000
427,Distinguish,55555671830825,11,2006,2014-03-03 00:00:00.000
428,Vista,11118509073610,1,2008,2014-01-01 00:00:00.000
429,Vista,11113753448296,3,2008,2013-05-28 00:00:00.000
430,Vista,11112967268286,12,2006,2012-05-16 00:00:00.000
431,Distinguish,55551104697014,6,2007,2013-10-26 00:00:00.000
432,Vista,11112271428752,11,2006,2013-11-23 00:00:00.000
433,Distinguish,55558193114492,4,2008,2014-04-25 00:00:00.000
434,Distinguish,55557834333264,3,2006,2014-03-22 00:00:00.000
435,ColonialVoice,77776894282434,2,2008,2014-04-28 00:00:00.000
436,Distinguish,55553348891821,1,2006,2014-05-18 00:00:00.000
437,Vista,11111193733108,11,2008,2014-05-28 00:00:00.000
438,Distinguish,55557080374180,12,2005,2014-03-15 00:00:00.000
439,Vista,11114647899275,2,2006,2011-04-25 00:00:00.000
440,ColonialVoice,77779666377448,2,2007,2013-08-06 00:00:00.000
441,SuperiorCard,33333816093380,9,2006,2012-11-14 00:00:00.000
442,Vista,11112618684802,7,2005,2013-01-01 00:00:00.000
443,ColonialVoice,77771350508466,4,2007,2013-06-15 00:00:00.000
444,Distinguish,55551030969773,3,2007,2014-06-12 00:00:00.000
445,SuperiorCard,33338753811862,2,2005,2012-11-30 00:00:00.000
446,Vista,11112035204232,8,2007,2014-02-02 00:00:00.000
447,SuperiorCard,33336102961463,8,2007,2014-01-30 00:00:00.000
448,Vista,11115686139754,12,2007,2014-04-08 00:00:00.000
449,SuperiorCard,33335078009393,9,2006,2014-02-20 00:00:00.000
450,SuperiorCard,33332611348318,1,2006,2013-08-20 00:00:00.000
451,SuperiorCard,33334686765658,6,2005,2012-06-30 00:00:00.000
452,ColonialVoice,77775083078731,8,2006,2013-07-01 00:00:00.000
453,SuperiorCard,33338203979446,8,2007,2012-03-29 00:00:00.000
454,Distinguish,55555043237607,12,2007,2013-10-16 00:00:00.000
455,SuperiorCard,33332183266192,3,2006,2013-11-11 00:00:00.000
456,Distinguish,55557142435353,6,2006,2013-10-18 00:00:00.000
457,ColonialVoice,77777548924657,5,2005,2013-08-04 00:00:00.000
458,Distinguish,55553370468042,8,2005,2014-02-09 00:00:00.000
459,Distinguish,55551901555401,9,2007,2014-03-25 00:00:00.000
460,Distinguish,55555191562983,6,2006,2013-11-11 00:00:00.000
461,SuperiorCard,33337688484350,10,2006,2013-11-25 00:00:00.000
462,SuperiorCard,33331674576298,6,2006,2014-04-05 00:00:00.000
463,Vista,11119132324496,3,2008,2013-10-29 00:00:00.000
464,SuperiorCard,33333832543745,12,2007,2013-12-16 00:00:00.000
465,Distinguish,55552532063814,2,2005,2013-08-12 00:00:00.000
466,SuperiorCard,33338832686616,9,2005,2012-09-05 00:00:00.000
467,Vista,11117786482300,7,2006,2014-04-04 00:00:00.000
468,ColonialVoice,77772148623166,10,2006,2014-05-05 00:00:00.000
469,SuperiorCard,33338487053577,8,2006,2008-12-08 00:00:00.000
470,Vista,11119984033310,6,2008,2014-04-14 00:00:00.000
471,Distinguish,55557037877744,11,2005,2013-10-31 00:00:00.000
472,ColonialVoice,77775569039939,4,2007,2013-07-14 00:00:00.000
473,Distinguish,55559166090565,3,2007,2013-09-06 00:00:00.000
474,SuperiorCard,33336927304298,6,2006,2014-04-27 00:00:00.000
475,SuperiorCard,33335900275155,2,2007,2014-06-30 00:00:00.000
476,Distinguish,55559090501662,3,2007,2014-01-09 00:00:00.000
477,Distinguish,55552304141831,4,2007,2014-04-07 00:00:00.000
478,Distinguish,55552693706014,7,2007,2013-09-04 00:00:00.000
479,SuperiorCard,33334025587335,1,2008,2013-12-17 00:00:00.000
480,Distinguish,55554367752780,8,2007,2012-04-23 00:00:00.000
481,SuperiorCard,33332717078038,9,2007,2012-08-13 00:00:00.000
482,Vista,11112604867030,9,2006,2013-01-21 00:00:00.000
483,Distinguish,55551964548972,8,2007,2013-11-01 00:00:00.000
484,SuperiorCard,33333203219095,7,2006,2013-08-15 00:00:00.000
485,SuperiorCard,33334129214566,12,2007,2013-10-02 00:00:00.000
486,Distinguish,55558314539187,6,2006,2012-05-23 00:00:00.000
487,Vista,11116231720012,8,2005,2014-04-12 00:00:00.000
488,Distinguish,55552299726560,8,2006,2014-02-02 00:00:00.000
489,SuperiorCard,33335611789267,8,2005,2013-12-05 00:00:00.000
490,Vista,11119066055449,11,2007,2012-06-30 00:00:00.000
491,Vista,11111597828182,8,2007,2013-07-07 00:00:00.000
492,Vista,11115617194142,8,2007,2012-02-12 00:00:00.000
493,ColonialVoice,77771742408351,1,2006,2013-12-10 00:00:00.000
494,Distinguish,55553764071525,10,2006,2012-10-05 00:00:00.000
495,Distinguish,55554303119616,10,2008,2013-07-04 00:00:00.000
496,ColonialVoice,77772181007129,9,2007,2013-12-24 00:00:00.000
497,Distinguish,55554356601766,2,2007,2014-01-25 00:00:00.000
498,SuperiorCard,33336911951207,9,2007,2014-03-16 00:00:00.000
499,Distinguish,55555834608749,8,2008,2014-05-08 00:00:00.000
500,ColonialVoice,77771316555965,8,2008,2013-09-16 00:00:00.000
501,Distinguish,55556962137435,6,2005,2013-12-24 00:00:00.000
502,Vista,11114200367073,4,2006,2014-04-12 00:00:00.000
503,Vista,11113877273056,11,2007,2013-11-09 00:00:00.000
504,Distinguish,55551093420332,2,2005,2013-11-24 00:00:00.000
505,Distinguish,55552587025031,8,2005,2013-07-25 00:00:00.000
506,ColonialVoice,77777780556089,10,2008,2014-01-25 00:00:00.000
507,ColonialVoice,77774872379859,6,2008,2013-10-16 00:00:00.000
508,Vista,11113103399133,9,2008,2013-03-11 00:00:00.000
509,Distinguish,55556530992389,11,2007,2013-11-10 00:00:00.000
510,SuperiorCard,33334902958924,7,2006,2013-04-27 00:00:00.000
511,SuperiorCard,33335925651116,5,2008,2013-07-11 00:00:00.000
512,Vista,11119317586997,2,2005,2013-09-01 00:00:00.000
513,SuperiorCard,33335176511189,4,2006,2013-03-03 00:00:00.000
514,ColonialVoice,77778365874918,2,2007,2013-10-20 00:00:00.000
515,Vista,11114815786346,12,2007,2014-05-20 00:00:00.000
516,Vista,11114044178340,7,2007,2013-08-28 00:00:00.000
517,Distinguish,55556998351597,12,2005,2008-12-01 00:00:00.000
518,ColonialVoice,77775022996745,10,2005,2013-12-19 00:00:00.000
519,Vista,11116640674932,9,2006,2012-11-29 00:00:00.000
520,Distinguish,55557900302904,8,2008,2014-06-23 00:00:00.000
521,SuperiorCard,33339115763066,1,2005,2012-03-30 00:00:00.000
522,Distinguish,55557537147049,5,2008,2013-07-12 00:00:00.000
523,SuperiorCard,33331650684222,9,2005,2013-11-18 00:00:00.000
524,Distinguish,55558028460782,12,2006,2013-11-05 00:00:00.000
525,ColonialVoice,77774456680594,6,2006,2014-01-17 00:00:00.000
526,ColonialVoice,77771989506215,4,2008,2014-06-20 00:00:00.000
527,Vista,11119668230198,12,2006,2011-07-28 00:00:00.000
528,Distinguish,55553776365407,7,2006,2012-07-12 00:00:00.000
529,Distinguish,55551067478271,2,2006,2011-08-22 00:00:00.000
530,Distinguish,55551700218310,6,2006,2014-03-29 00:00:00.000
531,SuperiorCard,33339882059399,4,2005,2012-04-24 00:00:00.000
532,ColonialVoice,77776166516691,3,2007,2013-04-03 00:00:00.000
533,ColonialVoice,77775092471562,11,2007,2013-07-05 00:00:00.000
534,Vista,11117710453360,4,2008,2014-04-14 00:00:00.000
535,Vista,11119252804099,10,2005,2013-11-22 00:00:00.000
536,Vista,11116210070337,12,2007,2014-02-12 00:00:00.000
537,Vista,11115000011433,2,2008,2013-01-10 00:00:00.000
538,ColonialVoice,77775004581200,7,2007,2014-06-26 00:00:00.000
539,Distinguish,55557837025024,5,2006,2014-02-13 00:00:00.000
540,SuperiorCard,33333175081725,3,2008,2013-05-16 00:00:00.000
541,ColonialVoice,77778037556819,3,2005,2013-11-21 00:00:00.000
542,Vista,11113253933894,10,2006,2012-09-08 00:00:00.000
543,Distinguish,55552614475671,9,2005,2013-12-30 00:00:00.000
544,Distinguish,55558782882017,12,2008,2012-10-27 00:00:00.000
545,Distinguish,55551884423713,7,2006,2014-03-19 00:00:00.000
546,Vista,11112558296630,11,2006,2013-11-27 00:00:00.000
547,SuperiorCard,33334943672902,6,2008,2008-12-28 00:00:00.000
548,SuperiorCard,33336937630277,10,2008,2014-01-04 00:00:00.000
549,Distinguish,55551351169119,10,2006,2014-05-18 00:00:00.000
550,ColonialVoice,77774575682719,4,2007,2014-05-21 00:00:00.000
551,ColonialVoice,77779138733164,1,2006,2014-04-30 00:00:00.000
552,SuperiorCard,33339286255828,1,2008,2013-12-30 00:00:00.000
553,Vista,11113878285739,2,2005,2012-06-30 00:00:00.000
554,Distinguish,55559089006093,3,2006,2014-01-19 00:00:00.000
555,SuperiorCard,33336531741857,6,2006,2012-06-04 00:00:00.000
556,Distinguish,55554615238225,11,2007,2013-09-19 00:00:00.000
557,SuperiorCard,33333259588154,9,2008,2012-02-15 00:00:00.000
558,ColonialVoice,77775542106919,4,2008,2012-05-25 00:00:00.000
559,ColonialVoice,77777885825071,2,2005,2014-01-19 00:00:00.000
560,ColonialVoice,77772931794976,2,2008,2011-07-27 00:00:00.000
561,SuperiorCard,33334041180236,7,2006,2011-12-24 00:00:00.000
562,Distinguish,55558248101264,3,2006,2014-02-10 00:00:00.000
563,Distinguish,55556070767396,4,2005,2013-11-07 00:00:00.000
564,SuperiorCard,33339311693494,11,2006,2013-11-22 00:00:00.000
565,SuperiorCard,33338819345150,3,2007,2012-03-19 00:00:00.000
566,Vista,11114949896358,5,2008,2013-08-01 00:00:00.000
567,Vista,11112198910214,9,2006,2012-12-22 00:00:00.000
568,ColonialVoice,77774746399395,7,2008,2014-02-15 00:00:00.000
569,Distinguish,55558418126084,3,2007,2011-07-01 00:00:00.000
570,Distinguish,55558123149986,2,2006,2013-02-03 00:00:00.000
571,SuperiorCard,33334562014456,11,2008,2014-03-07 00:00:00.000
572,Vista,11118310622920,11,2005,2013-11-21 00:00:00.000
573,ColonialVoice,77775276772253,9,2007,2013-08-03 00:00:00.000
574,ColonialVoice,77773764762669,7,2008,2013-07-22 00:00:00.000
575,ColonialVoice,77776474833115,1,2008,2012-08-11 00:00:00.000
576,Distinguish,55555498436992,2,2008,2013-10-22 00:00:00.000
577,Distinguish,55556026651697,1,2006,2013-08-31 00:00:00.000
578,Vista,11117418526170,8,2005,2012-06-11 00:00:00.000
579,ColonialVoice,77774383346604,12,2005,2014-01-17 00:00:00.000
580,Vista,11119022320680,8,2005,2013-10-11 00:00:00.000
581,SuperiorCard,33338062426681,7,2008,2009-02-16 00:00:00.000
582,SuperiorCard,33337036897848,2,2008,2013-12-30 00:00:00.000
583,Distinguish,55559915654752,12,2007,2013-07-13 00:00:00.000
584,SuperiorCard,33334991980405,12,2006,2013-07-08 00:00:00.000
585,Vista,11111886551566,10,2008,2013-11-09 00:00:00.000
586,SuperiorCard,33336348771462,6,2006,2014-01-06 00:00:00.000
587,ColonialVoice,77775989842880,10,2008,2013-05-22 00:00:00.000
588,Vista,11116073054603,5,2008,2014-05-25 00:00:00.000
589,ColonialVoice,77774689909496,2,2006,2012-07-26 00:00:00.000
590,Distinguish,55551886754180,1,2008,2013-02-28 00:00:00.000
591,SuperiorCard,33331698268810,6,2007,2013-09-02 00:00:00.000
592,ColonialVoice,77777051473889,1,2006,2014-05-27 00:00:00.000
593,Distinguish,55555326936199,12,2005,2013-06-30 00:00:00.000
594,Distinguish,55555690135109,2,2007,2013-08-03 00:00:00.000
595,ColonialVoice,77771180864120,6,2006,2013-04-27 00:00:00.000
596,ColonialVoice,77771303483446,10,2005,2013-10-26 00:00:00.000
597,Distinguish,55554980245405,9,2005,2009-02-24 00:00:00.000
598,ColonialVoice,77779352609411,11,2008,2012-05-02 00:00:00.000
599,ColonialVoice,77779911765703,5,2006,2014-01-13 00:00:00.000
600,Vista,11118604405128,6,2006,2012-01-22 00:00:00.000
601,Vista,11119732749312,5,2007,2013-12-27 00:00:00.000
602,ColonialVoice,77771052658065,6,2006,2013-01-18 00:00:00.000
603,SuperiorCard,33335712478283,11,2008,2014-01-16 00:00:00.000
604,ColonialVoice,77772676833959,5,2005,2014-06-19 00:00:00.000
605,ColonialVoice,77778902095715,1,2005,2013-02-06 00:00:00.000
606,SuperiorCard,33334142459050,2,2006,2014-05-26 00:00:00.000
607,Vista,11118730527591,4,2005,2012-09-30 00:00:00.000
608,Distinguish,55554348185669,8,2008,2013-07-19 00:00:00.000
609,Vista,11114765111929,3,2006,2013-11-03 00:00:00.000
610,Vista,11117313335620,5,2007,2012-07-28 00:00:00.000
611,Distinguish,55552827377396,3,2008,2014-04-29 00:00:00.000
612,Distinguish,55558777221564,11,2008,2013-07-11 00:00:00.000
613,SuperiorCard,33338733998253,5,2006,2013-11-21 00:00:00.000
614,ColonialVoice,77777880821824,6,2007,2013-12-09 00:00:00.000
615,Distinguish,55556369921263,6,2007,2013-09-30 00:00:00.000
616,ColonialVoice,77772541517088,7,2008,2012-07-13 00:00:00.000
617,Vista,11115545222444,9,2005,2014-04-03 00:00:00.000
618,Vista,11114117203183,12,2006,2012-07-06 00:00:00.000
619,SuperiorCard,33338801030695,2,2006,2014-03-23 00:00:00.000
620,SuperiorCard,33334277895274,12,2006,2012-04-04 00:00:00.000
621,Distinguish,55553082008660,9,2007,2011-11-02 00:00:00.000
622,Vista,11116028545639,4,2006,2013-11-29 00:00:00.000
623,Vista,11114595510139,3,2006,2012-06-10 00:00:00.000
624,ColonialVoice,77774121074295,4,2008,2014-03-06 00:00:00.000
625,Vista,11112437466374,3,2005,2012-01-25 00:00:00.000
626,Distinguish,55559848566621,9,2005,2011-10-31 00:00:00.000
627,Vista,11117807275041,11,2007,2013-04-26 00:00:00.000
628,Vista,11112846950663,4,2008,2013-09-03 00:00:00.000
629,ColonialVoice,77772917991467,7,2005,2014-03-26 00:00:00.000
630,SuperiorCard,33334646860529,9,2006,2012-02-17 00:00:00.000
631,SuperiorCard,33339421298122,3,2007,2013-11-07 00:00:00.000
632,SuperiorCard,33335321384315,5,2006,2014-04-14 00:00:00.000
633,ColonialVoice,77772180697316,4,2005,2014-05-25 00:00:00.000
634,Distinguish,55551363506610,4,2005,2014-04-22 00:00:00.000
635,ColonialVoice,77774449590789,4,2006,2013-10-23 00:00:00.000
636,ColonialVoice,77776767555021,3,2007,2013-12-16 00:00:00.000
637,SuperiorCard,33339400498531,5,2007,2009-03-01 00:00:00.000
638,SuperiorCard,33335714794669,6,2008,2011-08-31 00:00:00.000
639,Distinguish,55559722509784,7,2005,2013-07-13 00:00:00.000
640,Distinguish,55558541632811,4,2007,2013-07-10 00:00:00.000
641,SuperiorCard,33336827018968,8,2007,2014-01-14 00:00:00.000
642,ColonialVoice,77777345283627,6,2005,2013-11-25 00:00:00.000
643,Vista,11114340607772,2,2005,2012-02-20 00:00:00.000
644,Distinguish,55557476787021,5,2005,2012-02-24 00:00:00.000
645,Vista,11115763205959,5,2005,2012-10-31 00:00:00.000
646,Distinguish,55552041070554,8,2007,2014-02-24 00:00:00.000
647,SuperiorCard,33339404259058,2,2007,2014-05-23 00:00:00.000
648,Distinguish,55554599039349,11,2005,2014-02-06 00:00:00.000
649,SuperiorCard,33331496868016,11,2006,2014-03-31 00:00:00.000
650,ColonialVoice,77778369989884,7,2006,2013-08-12 00:00:00.000
651,Vista,11118738894644,10,2005,2013-10-26 00:00:00.000
652,ColonialVoice,77779842924748,1,2008,2014-01-07 00:00:00.000
653,Vista,11116973230940,8,2008,2014-06-11 00:00:00.000
654,SuperiorCard,33339753432870,12,2006,2013-11-21 00:00:00.000
655,Vista,11115368908003,6,2008,2012-07-20 00:00:00.000
656,Vista,11118850914420,10,2006,2014-02-11 00:00:00.000
657,Vista,11119135557513,12,2005,2013-07-02 00:00:00.000
658,ColonialVoice,77778051194353,4,2008,2013-11-24 00:00:00.000
659,SuperiorCard,33332229470364,11,2008,2013-09-26 00:00:00.000
660,SuperiorCard,33335694733873,9,2008,2014-01-01 00:00:00.000
661,Distinguish,55557634795078,6,2008,2013-08-11 00:00:00.000
662,Distinguish,55555355654951,12,2005,2013-10-03 00:00:00.000
663,Distinguish,55555661655357,8,2005,2014-01-26 00:00:00.000
664,Distinguish,55554294221862,11,2006,2014-03-31 00:00:00.000
665,SuperiorCard,33339887161440,8,2005,2013-01-19 00:00:00.000
666,Vista,11112008342038,2,2008,2013-10-20 00:00:00.000
667,Vista,11114133870705,2,2005,2014-01-09 00:00:00.000
668,Distinguish,55554437982952,12,2006,2013-07-28 00:00:00.000
669,Vista,11119860663319,1,2006,2014-02-05 00:00:00.000
670,SuperiorCard,33331928839945,1,2008,2014-05-14 00:00:00.000
671,Vista,11113417752957,6,2006,2014-03-01 00:00:00.000
672,Vista,11111258832301,3,2008,2014-05-07 00:00:00.000
673,SuperiorCard,33336909394820,10,2005,2013-04-25 00:00:00.000
674,Distinguish,55558624210802,2,2007,2014-04-10 00:00:00.000
675,SuperiorCard,33339684507947,5,2007,2013-09-04 00:00:00.000
676,Vista,11117800686511,3,2007,2013-10-02 00:00:00.000
677,Vista,11112493918270,10,2008,2014-06-29 00:00:00.000
678,Vista,11118519561909,11,2007,2012-04-16 00:00:00.000
679,Distinguish,55559586700494,12,2008,2012-08-13 00:00:00.000
680,SuperiorCard,33331477354884,1,2008,2009-12-18 00:00:00.000
681,Distinguish,55557003660355,8,2005,2013-12-09 00:00:00.000
682,ColonialVoice,77778436471523,3,2008,2014-04-07 00:00:00.000
683,Distinguish,55556398411241,9,2007,2013-06-09 00:00:00.000
684,Vista,11119034183076,6,2007,2014-02-17 00:00:00.000
685,SuperiorCard,33337698197267,1,2007,2013-07-05 00:00:00.000
686,Vista,11112478616845,2,2005,2013-07-31 00:00:00.000
687,Distinguish,55555073412599,7,2005,2013-11-11 00:00:00.000
688,SuperiorCard,33339063995932,10,2007,2013-12-01 00:00:00.000
689,ColonialVoice,77774957443280,4,2005,2012-06-29 00:00:00.000
690,Distinguish,55556123030096,11,2005,2014-04-17 00:00:00.000
691,Vista,11114709168097,9,2007,2013-04-28 00:00:00.000
692,ColonialVoice,77775602803266,3,2006,2013-04-04 00:00:00.000
693,Vista,11116867899346,7,2008,2013-07-20 00:00:00.000
694,Vista,11113706841434,5,2006,2013-12-19 00:00:00.000
695,ColonialVoice,77778314730528,4,2008,2014-06-25 00:00:00.000
696,ColonialVoice,77771240267093,10,2006,2014-02-11 00:00:00.000
697,Distinguish,55554626867818,4,2007,2014-02-04 00:00:00.000
698,SuperiorCard,33336237656178,2,2008,2013-08-13 00:00:00.000
699,Vista,11117364714365,7,2005,2012-02-02 00:00:00.000
700,SuperiorCard,33336112433517,5,2006,2011-05-09 00:00:00.000
701,Distinguish,55558786727154,3,2005,2014-01-28 00:00:00.000
702,SuperiorCard,33334575781336,11,2006,2013-08-11 00:00:00.000
703,ColonialVoice,77772978680876,11,2008,2012-11-21 00:00:00.000
704,Vista,11111161434151,1,2008,2012-11-06 00:00:00.000
705,Vista,11117283996611,12,2005,2013-12-06 00:00:00.000
706,Vista,11111633181113,10,2008,2013-05-30 00:00:00.000
707,SuperiorCard,33333362178032,11,2007,2014-02-04 00:00:00.000
708,Distinguish,55557877937960,6,2006,2014-03-18 00:00:00.000
709,ColonialVoice,77771247351548,10,2007,2014-06-09 00:00:00.000
710,Vista,11111342630320,7,2006,2013-11-28 00:00:00.000
711,Vista,11119749928159,6,2006,2011-06-13 00:00:00.000
712,ColonialVoice,77772964991118,3,2008,2013-11-26 00:00:00.000
713,ColonialVoice,77772050531525,10,2008,2014-03-21 00:00:00.000
714,Distinguish,55552230783379,2,2005,2014-04-22 00:00:00.000
715,ColonialVoice,77772116156012,3,2006,2012-12-01 00:00:00.000
716,Distinguish,55557342534246,3,2007,2013-08-04 00:00:00.000
717,Vista,11112645538656,3,2007,2014-02-17 00:00:00.000
718,Distinguish,55558072870300,1,2008,2013-08-08 00:00:00.000
719,Distinguish,55556829564385,8,2006,2013-11-15 00:00:00.000
720,ColonialVoice,77777709483267,11,2007,2014-05-25 00:00:00.000
721,Vista,11115974258137,8,2006,2014-04-14 00:00:00.000
722,Distinguish,55556649464568,8,2005,2014-04-24 00:00:00.000
723,Distinguish,55556050509919,5,2006,2012-01-19 00:00:00.000
724,SuperiorCard,33339623046598,7,2005,2014-06-24 00:00:00.000
725,ColonialVoice,77776875241935,3,2005,2013-11-09 00:00:00.000
726,SuperiorCard,33334356175905,3,2008,2013-10-31 00:00:00.000
727,Vista,11111107739007,8,2007,2012-12-26 00:00:00.000
728,ColonialVoice,77773028164974,8,2006,2009-12-30 00:00:00.000
729,Vista,11118002172856,2,2008,2011-09-09 00:00:00.000
730,ColonialVoice,77776411189527,10,2008,2014-06-05 00:00:00.000
731,Vista,11115720683971,1,2007,2013-06-30 00:00:00.000
732,SuperiorCard,33336958026880,8,2007,2014-04-17 00:00:00.000
733,Distinguish,55557284122936,11,2006,2012-01-24 00:00:00.000
734,Vista,11115929665522,3,2007,2014-02-04 00:00:00.000
735,Distinguish,55554757667043,6,2006,2011-10-06 00:00:00.000
736,Vista,11117669734241,10,2008,2008-12-18 00:00:00.000
737,Vista,11118847041687,5,2006,2013-11-15 00:00:00.000
738,Distinguish,55551734718709,8,2008,2013-11-19 00:00:00.000
739,Distinguish,55553983206224,5,2007,2012-08-14 00:00:00.000
740,SuperiorCard,33336449336939,2,2007,2013-01-01 00:00:00.000
741,Vista,11116559388243,9,2007,2013-11-21 00:00:00.000
742,SuperiorCard,33331886119470,6,2006,2009-01-30 00:00:00.000
743,ColonialVoice,77776440310909,12,2005,2012-01-10 00:00:00.000
744,SuperiorCard,33336282449172,9,2007,2013-05-30 00:00:00.000
745,Vista,11118482214741,5,2008,2013-01-16 00:00:00.000
746,Vista,11116475633820,11,2008,2013-12-17 00:00:00.000
747,Vista,11111869482793,8,2008,2014-01-14 00:00:00.000
748,ColonialVoice,77778451970240,3,2005,2013-11-01 00:00:00.000
749,SuperiorCard,33337595611673,2,2005,2013-03-27 00:00:00.000
750,SuperiorCard,33338582083514,11,2008,2014-04-10 00:00:00.000
751,Vista,11113511875963,9,2006,2014-04-08 00:00:00.000
752,SuperiorCard,33332077160916,1,2008,2014-03-26 00:00:00.000
753,SuperiorCard,33332538814055,10,2005,2014-05-04 00:00:00.000
754,Vista,11111949993993,11,2005,2014-01-15 00:00:00.000
755,Distinguish,55554580621895,6,2008,2011-07-15 00:00:00.000
756,SuperiorCard,33337647557015,8,2008,2013-08-04 00:00:00.000
757,Vista,11116371993954,4,2006,2012-07-30 00:00:00.000
758,SuperiorCard,33336206176017,9,2007,2014-02-13 00:00:00.000
759,SuperiorCard,33339483670189,2,2006,2011-10-13 00:00:00.000
760,Distinguish,55553367400200,3,2006,2014-02-24 00:00:00.000
761,SuperiorCard,33333992841068,5,2007,2014-05-15 00:00:00.000
762,ColonialVoice,77777956323584,8,2006,2014-01-17 00:00:00.000
763,ColonialVoice,77774970566658,12,2005,2014-01-17 00:00:00.000
764,Distinguish,55556172839850,3,2008,2011-12-24 00:00:00.000
765,Distinguish,55556195155779,3,2006,2014-01-21 00:00:00.000
766,Distinguish,55551396591231,2,2005,2013-02-01 00:00:00.000
767,ColonialVoice,77777378712390,10,2008,2011-11-19 00:00:00.000
768,Vista,11114755061458,3,2006,2013-05-23 00:00:00.000
769,Vista,11113380831474,9,2008,2012-02-20 00:00:00.000
770,SuperiorCard,33334816182983,3,2005,2014-01-10 00:00:00.000
771,Distinguish,55559674368969,5,2008,2013-07-25 00:00:00.000
772,Vista,11113964743582,9,2005,2014-01-05 00:00:00.000
773,ColonialVoice,77772669577499,5,2005,2014-05-26 00:00:00.000
774,SuperiorCard,33332215436277,5,2005,2013-05-22 00:00:00.000
775,ColonialVoice,77779310297889,6,2006,2013-10-07 00:00:00.000
776,ColonialVoice,77776099104851,9,2005,2012-09-14 00:00:00.000
777,SuperiorCard,33338608988674,3,2007,2013-07-10 00:00:00.000
778,SuperiorCard,33336229703661,7,2005,2011-08-01 00:00:00.000
779,Vista,11119713678033,2,2005,2013-11-16 00:00:00.000
780,ColonialVoice,77774100412442,2,2007,2014-01-29 00:00:00.000
781,ColonialVoice,77773965564925,1,2008,2013-09-19 00:00:00.000
782,SuperiorCard,33333990708740,12,2007,2012-07-31 00:00:00.000
783,SuperiorCard,33339410228296,1,2006,2014-02-08 00:00:00.000
784,Vista,11111840761400,1,2007,2013-09-04 00:00:00.000
785,ColonialVoice,77777448865909,8,2006,2013-07-18 00:00:00.000
786,Distinguish,55555462045664,7,2007,2011-12-17 00:00:00.000
787,SuperiorCard,33338556838683,4,2008,2014-03-03 00:00:00.000
788,Vista,11112445320572,9,2008,2013-10-17 00:00:00.000
789,SuperiorCard,33335804668739,8,2005,2009-02-06 00:00:00.000
790,Vista,11116878125375,3,2007,2014-02-17 00:00:00.000
791,ColonialVoice,77773102921620,8,2008,2014-05-05 00:00:00.000
792,ColonialVoice,77771478497924,10,2006,2014-05-23 00:00:00.000
793,SuperiorCard,33337537344913,7,2007,2013-08-06 00:00:00.000
794,ColonialVoice,77775475758644,6,2005,2013-08-11 00:00:00.000
795,ColonialVoice,77772413103366,1,2005,2013-07-17 00:00:00.000
796,Distinguish,55557392398604,3,2007,2013-10-20 00:00:00.000
797,Vista,11114754368336,8,2007,2014-02-22 00:00:00.000
798,Vista,11111888777483,12,2005,2013-10-08 00:00:00.000
799,Vista,11116327213519,12,2005,2013-08-18 00:00:00.000
800,SuperiorCard,33336731087460,3,2007,2011-12-09 00:00:00.000
801,ColonialVoice,77774742348081,6,2007,2013-10-17 00:00:00.000
802,Vista,11114219591886,5,2008,2009-01-16 00:00:00.000
803,Vista,11111382937245,1,2007,2013-03-07 00:00:00.000
804,Distinguish,55554775695949,3,2006,2013-08-24 00:00:00.000
805,SuperiorCard,33331988806490,2,2006,2013-09-21 00:00:00.000
806,ColonialVoice,77779337333220,7,2008,2011-05-31 00:00:00.000
807,Vista,11112833228612,7,2007,2013-11-12 00:00:00.000
808,ColonialVoice,77775138901933,8,2006,2013-11-07 00:00:00.000
809,Vista,11119675340022,8,2006,2012-09-10 00:00:00.000
810,Vista,11111974990323,2,2007,2013-10-23 00:00:00.000
811,Distinguish,55557310886973,11,2008,2014-01-07 00:00:00.000
812,Vista,11111180298868,11,2007,2012-08-25 00:00:00.000
813,Distinguish,55555364103775,12,2005,2013-06-11 00:00:00.000
814,Vista,11114138648664,2,2005,2013-08-14 00:00:00.000
815,SuperiorCard,33338062670101,1,2008,2013-10-11 00:00:00.000
816,Distinguish,55555085741024,4,2008,2013-08-08 00:00:00.000
817,Distinguish,55553052863571,10,2005,2014-06-02 00:00:00.000
818,ColonialVoice,77774934151619,2,2006,2014-02-13 00:00:00.000
819,Distinguish,55556593763803,1,2006,2013-09-18 00:00:00.000
820,ColonialVoice,77771969383948,10,2006,2013-12-01 00:00:00.000
821,Vista,11117523607202,5,2007,2013-08-29 00:00:00.000
822,Distinguish,55557228211273,8,2007,2011-12-22 00:00:00.000
823,Vista,11115963403349,6,2005,2013-09-25 00:00:00.000
824,ColonialVoice,77774433038416,1,2007,2013-08-11 00:00:00.000
825,Vista,11119907142659,9,2005,2014-02-24 00:00:00.000
826,SuperiorCard,33333444693834,3,2007,2013-01-18 00:00:00.000
827,Vista,11113952525151,2,2006,2013-07-13 00:00:00.000
828,ColonialVoice,77774359839272,5,2005,2009-02-08 00:00:00.000
829,Vista,11119020046753,6,2005,2013-07-11 00:00:00.000
830,ColonialVoice,77779671939521,5,2005,2014-02-26 00:00:00.000
831,ColonialVoice,77777867035395,10,2008,2012-03-06 00:00:00.000
832,Vista,11117686476125,4,2007,2013-08-19 00:00:00.000
833,SuperiorCard,33333442274267,4,2005,2013-10-13 00:00:00.000
834,ColonialVoice,77775893606015,10,2007,2014-01-22 00:00:00.000
835,Vista,11112280156665,9,2006,2013-11-16 00:00:00.000
836,Distinguish,55552271521297,12,2008,2013-07-05 00:00:00.000
837,SuperiorCard,33333140837044,8,2005,2012-03-08 00:00:00.000
838,Vista,11112072966443,11,2005,2014-03-23 00:00:00.000
839,ColonialVoice,77777303190150,7,2007,2012-08-20 00:00:00.000
840,SuperiorCard,33332091398524,4,2007,2013-05-06 00:00:00.000
841,SuperiorCard,33339683772389,2,2007,2013-11-02 00:00:00.000
842,Vista,11114906547147,3,2006,2012-12-03 00:00:00.000
843,ColonialVoice,77774224136950,2,2007,2014-03-21 00:00:00.000
844,SuperiorCard,33333232898497,12,2005,2013-10-22 00:00:00.000
845,SuperiorCard,33337336506717,9,2006,2014-03-14 00:00:00.000
846,ColonialVoice,77777032296090,9,2007,2012-12-07 00:00:00.000
847,SuperiorCard,33338291311173,7,2008,2013-08-31 00:00:00.000
848,Vista,11117617087040,7,2008,2014-01-24 00:00:00.000
849,SuperiorCard,33339083734653,8,2005,2013-08-07 00:00:00.000
850,SuperiorCard,33337826650705,10,2006,2014-04-24 00:00:00.000
851,Distinguish,55554194589143,6,2007,2012-05-29 00:00:00.000
852,ColonialVoice,77777517985119,3,2006,2014-02-23 00:00:00.000
853,Distinguish,55555669419221,10,2006,2013-08-10 00:00:00.000
854,ColonialVoice,77778387720534,8,2006,2014-04-11 00:00:00.000
855,Vista,11119427605574,12,2008,2014-01-19 00:00:00.000
856,SuperiorCard,33333847981526,12,2006,2014-02-07 00:00:00.000
857,Vista,11118043480734,4,2005,2012-05-28 00:00:00.000
858,Vista,11115602920534,11,2007,2012-09-29 00:00:00.000
859,ColonialVoice,77772014515529,1,2006,2013-10-26 00:00:00.000
860,Vista,11115597999458,6,2006,2014-04-23 00:00:00.000
861,ColonialVoice,77776201537862,7,2006,2014-04-10 00:00:00.000
862,Vista,11114700125402,6,2005,2012-06-09 00:00:00.000
863,SuperiorCard,33332786725937,5,2008,2014-06-10 00:00:00.000
864,Vista,11116639727833,2,2005,2012-02-02 00:00:00.000
865,ColonialVoice,77779760304736,7,2006,2012-07-21 00:00:00.000
866,SuperiorCard,33331475520881,2,2006,2013-07-26 00:00:00.000
867,Distinguish,55558750853180,7,2008,2014-04-21 00:00:00.000
868,SuperiorCard,33337349909977,4,2007,2013-08-14 00:00:00.000
869,Distinguish,55553852531763,11,2007,2013-04-03 00:00:00.000
870,ColonialVoice,77773819909954,11,2007,2014-01-26 00:00:00.000
871,Vista,11119459585539,12,2008,2014-01-26 00:00:00.000
872,Distinguish,55552135890375,11,2007,2013-05-07 00:00:00.000
873,ColonialVoice,77776536745085,6,2006,2014-03-28 00:00:00.000
874,Distinguish,55559121656545,10,2008,2011-12-20 00:00:00.000
875,Distinguish,55556905825610,9,2008,2014-03-10 00:00:00.000
876,SuperiorCard,33336447314246,12,2005,2012-06-06 00:00:00.000
877,Distinguish,55551008674697,3,2006,2012-04-13 00:00:00.000
878,Distinguish,55557309579955,4,2008,2014-03-01 00:00:00.000
879,Distinguish,55559490191962,6,2007,2013-07-24 00:00:00.000
880,Vista,11117144786910,2,2008,2013-08-13 00:00:00.000
881,Vista,11118871159427,6,2005,2014-02-16 00:00:00.000
882,SuperiorCard,33335572781756,8,2007,2014-06-15 00:00:00.000
883,Distinguish,55555742224215,7,2008,2013-08-27 00:00:00.000
884,Vista,11112426516191,8,2006,2013-12-06 00:00:00.000
885,Distinguish,55556402370158,12,2006,2013-11-24 00:00:00.000
886,SuperiorCard,33331216468946,9,2006,2013-09-27 00:00:00.000
887,Distinguish,55554620381803,11,2006,2011-05-24 00:00:00.000
888,SuperiorCard,33337479098698,11,2008,2013-11-10 00:00:00.000
889,ColonialVoice,77773691135629,3,2005,2014-01-05 00:00:00.000
890,ColonialVoice,77779288068620,10,2005,2013-07-25 00:00:00.000
891,Distinguish,55553640880362,12,2005,2012-12-22 00:00:00.000
892,Distinguish,55551403569235,10,2005,2013-11-25 00:00:00.000
893,SuperiorCard,33334607853311,1,2006,2014-01-27 00:00:00.000
894,ColonialVoice,77772834500393,1,2007,2013-07-27 00:00:00.000
895,ColonialVoice,77775595401081,5,2008,2013-07-31 00:00:00.000
896,SuperiorCard,33336192689273,7,2006,2014-04-08 00:00:00.000
897,SuperiorCard,33333703078667,1,2008,2014-02-22 00:00:00.000
898,SuperiorCard,33337468142717,7,2006,2013-04-13 00:00:00.000
899,Vista,11114721829405,9,2005,2013-07-24 00:00:00.000
900,ColonialVoice,77777226670283,8,2005,2014-02-04 00:00:00.000
901,ColonialVoice,77774819370448,7,2008,2013-05-19 00:00:00.000
902,Vista,11112606884889,3,2008,2011-12-22 00:00:00.000
903,SuperiorCard,33332161756733,9,2006,2013-12-05 00:00:00.000
904,SuperiorCard,33335624488521,8,2005,2013-10-18 00:00:00.000
905,ColonialVoice,77775059115614,12,2008,2013-12-10 00:00:00.000
906,Vista,11115792037369,8,2008,2014-02-06 00:00:00.000
907,ColonialVoice,77772578201001,11,2007,2014-06-30 00:00:00.000
908,Vista,11112508182384,11,2006,2014-01-29 00:00:00.000
909,Vista,11115979941692,12,2006,2013-05-05 00:00:00.000
910,Distinguish,55554543149101,5,2005,2013-04-12 00:00:00.000
911,Vista,11117944465738,12,2005,2013-04-04 00:00:00.000
912,ColonialVoice,77777293711899,11,2005,2013-09-22 00:00:00.000
913,ColonialVoice,77776598485347,8,2007,2013-11-26 00:00:00.000
914,Vista,11117645543183,3,2005,2012-10-31 00:00:00.000
915,Distinguish,55553970511314,1,2007,2013-12-15 00:00:00.000
916,SuperiorCard,33337072872824,6,2008,2013-08-18 00:00:00.000
917,Distinguish,55554339142215,1,2008,2013-05-10 00:00:00.000
918,SuperiorCard,33335286121512,5,2006,2013-08-25 00:00:00.000
919,SuperiorCard,33331166754033,2,2008,2014-02-22 00:00:00.000
920,SuperiorCard,33339686550585,7,2005,2013-10-01 00:00:00.000
921,Vista,11118765525092,12,2007,2013-10-10 00:00:00.000
922,Distinguish,55553739017834,6,2007,2013-08-15 00:00:00.000
923,Distinguish,55554584338249,7,2007,2012-05-30 00:00:00.000
924,ColonialVoice,77778409210262,8,2007,2012-08-22 00:00:00.000
925,Distinguish,55559786162075,4,2007,2014-01-08 00:00:00.000
926,SuperiorCard,33333412174237,3,2008,2011-12-24 00:00:00.000
927,ColonialVoice,77772369170723,8,2005,2013-12-30 00:00:00.000
928,ColonialVoice,77775294979396,8,2005,2013-10-26 00:00:00.000
929,SuperiorCard,33333903517261,5,2005,2013-10-10 00:00:00.000
930,Vista,11117340844850,2,2008,2014-06-08 00:00:00.000
931,ColonialVoice,77776245590129,1,2005,2014-02-20 00:00:00.000
932,ColonialVoice,77778641477211,9,2007,2013-09-19 00:00:00.000
933,Vista,11111744203782,7,2005,2014-01-05 00:00:00.000
934,Vista,11118853004485,11,2008,2014-01-17 00:00:00.000
935,Vista,11116406020827,5,2006,2014-04-14 00:00:00.000
936,Distinguish,55557748907312,2,2005,2013-12-03 00:00:00.000
937,ColonialVoice,77777282550193,11,2007,2012-11-05 00:00:00.000
938,ColonialVoice,77776937296723,12,2008,2013-11-15 00:00:00.000
939,Distinguish,55553095681863,8,2005,2014-03-07 00:00:00.000
940,Distinguish,55551868168324,5,2008,2013-01-21 00:00:00.000
941,ColonialVoice,77779249735298,11,2007,2013-03-17 00:00:00.000
942,Distinguish,55558919665418,6,2008,2013-12-27 00:00:00.000
943,Vista,11116300610168,3,2005,2013-10-11 00:00:00.000
944,ColonialVoice,77771258784334,2,2005,2013-11-07 00:00:00.000
945,Distinguish,55552519774454,12,2008,2013-12-14 00:00:00.000
946,Vista,11111288115235,11,2005,2013-02-10 00:00:00.000
947,Vista,11117709532781,7,2008,2013-05-11 00:00:00.000
948,SuperiorCard,33335073930871,1,2007,2013-08-28 00:00:00.000
949,Vista,11115507125599,7,2007,2011-10-04 00:00:00.000
950,SuperiorCard,33338649301373,3,2005,2013-03-25 00:00:00.000
951,Vista,11115318391034,4,2008,2013-10-31 00:00:00.000
952,Vista,11114175789926,4,2005,2014-03-22 00:00:00.000
953,SuperiorCard,33339294015264,7,2005,2013-07-31 00:00:00.000
954,Vista,11118793274343,4,2008,2013-09-29 00:00:00.000
955,Distinguish,55558282079279,11,2007,2013-06-03 00:00:00.000
956,SuperiorCard,33335446803424,10,2007,2012-03-27 00:00:00.000
957,Vista,11113880312939,3,2005,2012-05-08 00:00:00.000
958,SuperiorCard,33334977901695,4,2005,2012-05-26 00:00:00.000
959,SuperiorCard,33337748394279,2,2006,2013-08-18 00:00:00.000
960,Vista,11115480002849,1,2006,2014-06-29 00:00:00.000
961,SuperiorCard,33338717050617,7,2006,2014-03-14 00:00:00.000
962,ColonialVoice,77778103535871,7,2008,2013-11-02 00:00:00.000
963,Distinguish,55555816535754,9,2008,2014-03-07 00:00:00.000
964,Vista,11112857139048,12,2008,2011-12-11 00:00:00.000
965,Vista,11118655181949,9,2007,2009-02-08 00:00:00.000
966,Distinguish,55555691856408,7,2005,2014-05-22 00:00:00.000
967,Distinguish,55553891380684,12,2007,2011-10-13 00:00:00.000
968,Vista,11113950560861,8,2006,2009-12-18 00:00:00.000
969,SuperiorCard,33332697951569,9,2007,2013-09-29 00:00:00.000
970,Vista,11115226276216,10,2007,2009-01-20 00:00:00.000
971,SuperiorCard,33331046324601,9,2006,2011-11-10 00:00:00.000
972,Distinguish,55553581657046,9,2006,2011-10-01 00:00:00.000
973,Distinguish,55553254043879,8,2006,2014-01-01 00:00:00.000
974,ColonialVoice,77775134330718,1,2007,2012-04-17 00:00:00.000
975,SuperiorCard,33339343372456,12,2007,2014-03-19 00:00:00.000
976,ColonialVoice,77779781518286,3,2006,2014-05-03 00:00:00.000
977,ColonialVoice,77775553025829,9,2007,2011-12-19 00:00:00.000
978,Distinguish,55554658681732,8,2005,2011-11-03 00:00:00.000
979,SuperiorCard,33332563715116,7,2007,2014-03-14 00:00:00.000
980,Distinguish,55552860973695,5,2007,2014-01-11 00:00:00.000
981,Vista,11118638024239,2,2006,2014-01-22 00:00:00.000
982,SuperiorCard,33336725689439,5,2008,2014-03-30 00:00:00.000
983,SuperiorCard,33334996541315,11,2008,2012-03-21 00:00:00.000
984,ColonialVoice,77775423781581,11,2008,2012-11-15 00:00:00.000
985,SuperiorCard,33334118945487,9,2007,2014-02-11 00:00:00.000
986,ColonialVoice,77771184881669,10,2005,2014-02-11 00:00:00.000
987,ColonialVoice,77772875305534,5,2008,2014-03-02 00:00:00.000
988,ColonialVoice,77778894189242,10,2006,2011-09-27 00:00:00.000
989,SuperiorCard,33338551631192,6,2007,2014-03-07 00:00:00.000
990,Vista,11112663974704,11,2007,2013-07-19 00:00:00.000
991,SuperiorCard,33334470398850,12,2006,2013-08-03 00:00:00.000
992,SuperiorCard,33335737805695,3,2008,2014-02-08 00:00:00.000
993,ColonialVoice,77773761915215,6,2006,2013-09-04 00:00:00.000
994,ColonialVoice,77773850133812,7,2008,2014-06-29 00:00:00.000
995,Vista,11112836612177,8,2008,2009-02-19 00:00:00.000
996,SuperiorCard,33334999838505,1,2005,2013-03-24 00:00:00.000
997,SuperiorCard,33337576008068,7,2008,2013-11-20 00:00:00.000
998,Distinguish,55554571075782,1,2006,2012-11-01 00:00:00.000
999,SuperiorCard,33332197110964,12,2006,2013-12-31 00:00:00.000
1000,SuperiorCard,33331554852952,1,2006,2014-02-11 00:00:00.000
